"X","variable","year","value","units","source"
1,"CH4_concentration",1745,720.8548,"ppbv CH4","cmip7"
1,"CH4_concentration",1746,720.8548,"ppbv CH4","cmip7"
1,"CH4_concentration",1747,720.8548,"ppbv CH4","cmip7"
1,"CH4_concentration",1748,720.8548,"ppbv CH4","cmip7"
1,"CH4_concentration",1749,720.8548,"ppbv CH4","cmip7"
1,"CH4_concentration",1750,720.8548,"ppbv CH4","cmip7"
2,"CH4_concentration",1751,722.08014,"ppbv CH4","cmip7"
3,"CH4_concentration",1752,723.3311,"ppbv CH4","cmip7"
4,"CH4_concentration",1753,723.84,"ppbv CH4","cmip7"
5,"CH4_concentration",1754,724.0494,"ppbv CH4","cmip7"
6,"CH4_concentration",1755,724.24023,"ppbv CH4","cmip7"
7,"CH4_concentration",1756,724.3392,"ppbv CH4","cmip7"
8,"CH4_concentration",1757,724.5808,"ppbv CH4","cmip7"
9,"CH4_concentration",1758,725.4735,"ppbv CH4","cmip7"
10,"CH4_concentration",1759,726.3022,"ppbv CH4","cmip7"
11,"CH4_concentration",1760,727.24677,"ppbv CH4","cmip7"
12,"CH4_concentration",1761,728.0718,"ppbv CH4","cmip7"
13,"CH4_concentration",1762,728.85,"ppbv CH4","cmip7"
14,"CH4_concentration",1763,729.2629,"ppbv CH4","cmip7"
15,"CH4_concentration",1764,729.7133,"ppbv CH4","cmip7"
16,"CH4_concentration",1765,730.0648,"ppbv CH4","cmip7"
17,"CH4_concentration",1766,730.37,"ppbv CH4","cmip7"
18,"CH4_concentration",1767,730.6503,"ppbv CH4","cmip7"
19,"CH4_concentration",1768,731.20996,"ppbv CH4","cmip7"
20,"CH4_concentration",1769,731.8393,"ppbv CH4","cmip7"
21,"CH4_concentration",1770,732.4835,"ppbv CH4","cmip7"
22,"CH4_concentration",1771,733.15466,"ppbv CH4","cmip7"
23,"CH4_concentration",1772,733.85394,"ppbv CH4","cmip7"
24,"CH4_concentration",1773,734.67255,"ppbv CH4","cmip7"
25,"CH4_concentration",1774,735.03107,"ppbv CH4","cmip7"
26,"CH4_concentration",1775,735.3224,"ppbv CH4","cmip7"
27,"CH4_concentration",1776,735.69366,"ppbv CH4","cmip7"
28,"CH4_concentration",1777,736.0626,"ppbv CH4","cmip7"
29,"CH4_concentration",1778,736.388,"ppbv CH4","cmip7"
30,"CH4_concentration",1779,737.3029,"ppbv CH4","cmip7"
31,"CH4_concentration",1780,738.29706,"ppbv CH4","cmip7"
32,"CH4_concentration",1781,739.3366,"ppbv CH4","cmip7"
33,"CH4_concentration",1782,740.14734,"ppbv CH4","cmip7"
34,"CH4_concentration",1783,741.00415,"ppbv CH4","cmip7"
35,"CH4_concentration",1784,741.28613,"ppbv CH4","cmip7"
36,"CH4_concentration",1785,741.5487,"ppbv CH4","cmip7"
37,"CH4_concentration",1786,741.8229,"ppbv CH4","cmip7"
38,"CH4_concentration",1787,742.1184,"ppbv CH4","cmip7"
39,"CH4_concentration",1788,742.3667,"ppbv CH4","cmip7"
40,"CH4_concentration",1789,742.6997,"ppbv CH4","cmip7"
41,"CH4_concentration",1790,743.0447,"ppbv CH4","cmip7"
42,"CH4_concentration",1791,743.3706,"ppbv CH4","cmip7"
43,"CH4_concentration",1792,743.75854,"ppbv CH4","cmip7"
44,"CH4_concentration",1793,744.14746,"ppbv CH4","cmip7"
45,"CH4_concentration",1794,744.88696,"ppbv CH4","cmip7"
46,"CH4_concentration",1795,745.463,"ppbv CH4","cmip7"
47,"CH4_concentration",1796,746.1833,"ppbv CH4","cmip7"
48,"CH4_concentration",1797,746.8853,"ppbv CH4","cmip7"
49,"CH4_concentration",1798,747.50336,"ppbv CH4","cmip7"
50,"CH4_concentration",1799,747.95856,"ppbv CH4","cmip7"
51,"CH4_concentration",1800,748.6233,"ppbv CH4","cmip7"
52,"CH4_concentration",1801,749.34814,"ppbv CH4","cmip7"
53,"CH4_concentration",1802,750.0791,"ppbv CH4","cmip7"
54,"CH4_concentration",1803,750.6937,"ppbv CH4","cmip7"
55,"CH4_concentration",1804,751.64124,"ppbv CH4","cmip7"
56,"CH4_concentration",1805,752.59863,"ppbv CH4","cmip7"
57,"CH4_concentration",1806,753.5761,"ppbv CH4","cmip7"
58,"CH4_concentration",1807,754.5919,"ppbv CH4","cmip7"
59,"CH4_concentration",1808,755.64136,"ppbv CH4","cmip7"
60,"CH4_concentration",1809,756.81067,"ppbv CH4","cmip7"
61,"CH4_concentration",1810,757.95605,"ppbv CH4","cmip7"
62,"CH4_concentration",1811,758.9457,"ppbv CH4","cmip7"
63,"CH4_concentration",1812,759.9509,"ppbv CH4","cmip7"
64,"CH4_concentration",1813,761.17487,"ppbv CH4","cmip7"
65,"CH4_concentration",1814,762.6759,"ppbv CH4","cmip7"
66,"CH4_concentration",1815,764.1777,"ppbv CH4","cmip7"
67,"CH4_concentration",1816,765.74854,"ppbv CH4","cmip7"
68,"CH4_concentration",1817,767.326,"ppbv CH4","cmip7"
69,"CH4_concentration",1818,768.7917,"ppbv CH4","cmip7"
70,"CH4_concentration",1819,770.2823,"ppbv CH4","cmip7"
71,"CH4_concentration",1820,771.86884,"ppbv CH4","cmip7"
72,"CH4_concentration",1821,773.51373,"ppbv CH4","cmip7"
73,"CH4_concentration",1822,774.88586,"ppbv CH4","cmip7"
74,"CH4_concentration",1823,776.10034,"ppbv CH4","cmip7"
75,"CH4_concentration",1824,777.1873,"ppbv CH4","cmip7"
76,"CH4_concentration",1825,778.1969,"ppbv CH4","cmip7"
77,"CH4_concentration",1826,779.17554,"ppbv CH4","cmip7"
78,"CH4_concentration",1827,780.0322,"ppbv CH4","cmip7"
79,"CH4_concentration",1828,780.83936,"ppbv CH4","cmip7"
80,"CH4_concentration",1829,781.69824,"ppbv CH4","cmip7"
81,"CH4_concentration",1830,782.4866,"ppbv CH4","cmip7"
82,"CH4_concentration",1831,783.23065,"ppbv CH4","cmip7"
83,"CH4_concentration",1832,783.9886,"ppbv CH4","cmip7"
84,"CH4_concentration",1833,784.86096,"ppbv CH4","cmip7"
85,"CH4_concentration",1834,785.8822,"ppbv CH4","cmip7"
86,"CH4_concentration",1835,786.9591,"ppbv CH4","cmip7"
87,"CH4_concentration",1836,788.1029,"ppbv CH4","cmip7"
88,"CH4_concentration",1837,788.83514,"ppbv CH4","cmip7"
89,"CH4_concentration",1838,789.45416,"ppbv CH4","cmip7"
90,"CH4_concentration",1839,790.0118,"ppbv CH4","cmip7"
91,"CH4_concentration",1840,790.1644,"ppbv CH4","cmip7"
92,"CH4_concentration",1841,790.51373,"ppbv CH4","cmip7"
93,"CH4_concentration",1842,791.1774,"ppbv CH4","cmip7"
94,"CH4_concentration",1843,792.03973,"ppbv CH4","cmip7"
95,"CH4_concentration",1844,793.18896,"ppbv CH4","cmip7"
96,"CH4_concentration",1845,794.86945,"ppbv CH4","cmip7"
97,"CH4_concentration",1846,795.9599,"ppbv CH4","cmip7"
98,"CH4_concentration",1847,796.9034,"ppbv CH4","cmip7"
99,"CH4_concentration",1848,797.5085,"ppbv CH4","cmip7"
100,"CH4_concentration",1849,798.2651,"ppbv CH4","cmip7"
101,"CH4_concentration",1850,798.79926,"ppbv CH4","cmip7"
102,"CH4_concentration",1851,799.1343,"ppbv CH4","cmip7"
103,"CH4_concentration",1852,799.6845,"ppbv CH4","cmip7"
104,"CH4_concentration",1853,800.4311,"ppbv CH4","cmip7"
105,"CH4_concentration",1854,801.3929,"ppbv CH4","cmip7"
106,"CH4_concentration",1855,802.77905,"ppbv CH4","cmip7"
107,"CH4_concentration",1856,804.3958,"ppbv CH4","cmip7"
108,"CH4_concentration",1857,805.9413,"ppbv CH4","cmip7"
109,"CH4_concentration",1858,807.847,"ppbv CH4","cmip7"
110,"CH4_concentration",1859,809.9102,"ppbv CH4","cmip7"
111,"CH4_concentration",1860,812.11566,"ppbv CH4","cmip7"
112,"CH4_concentration",1861,814.6943,"ppbv CH4","cmip7"
113,"CH4_concentration",1862,817.00903,"ppbv CH4","cmip7"
114,"CH4_concentration",1863,819.82996,"ppbv CH4","cmip7"
115,"CH4_concentration",1864,822.8782,"ppbv CH4","cmip7"
116,"CH4_concentration",1865,825.91797,"ppbv CH4","cmip7"
117,"CH4_concentration",1866,829.27045,"ppbv CH4","cmip7"
118,"CH4_concentration",1867,832.4238,"ppbv CH4","cmip7"
119,"CH4_concentration",1868,834.8475,"ppbv CH4","cmip7"
120,"CH4_concentration",1869,836.6992,"ppbv CH4","cmip7"
121,"CH4_concentration",1870,838.5808,"ppbv CH4","cmip7"
122,"CH4_concentration",1871,840.6078,"ppbv CH4","cmip7"
123,"CH4_concentration",1872,842.38947,"ppbv CH4","cmip7"
124,"CH4_concentration",1873,844.18463,"ppbv CH4","cmip7"
125,"CH4_concentration",1874,845.91187,"ppbv CH4","cmip7"
126,"CH4_concentration",1875,847.45056,"ppbv CH4","cmip7"
127,"CH4_concentration",1876,848.9568,"ppbv CH4","cmip7"
128,"CH4_concentration",1877,850.3754,"ppbv CH4","cmip7"
129,"CH4_concentration",1878,851.6116,"ppbv CH4","cmip7"
130,"CH4_concentration",1879,852.83856,"ppbv CH4","cmip7"
131,"CH4_concentration",1880,854.5763,"ppbv CH4","cmip7"
132,"CH4_concentration",1881,856.4181,"ppbv CH4","cmip7"
133,"CH4_concentration",1882,858.177,"ppbv CH4","cmip7"
134,"CH4_concentration",1883,860.12585,"ppbv CH4","cmip7"
135,"CH4_concentration",1884,862.29846,"ppbv CH4","cmip7"
136,"CH4_concentration",1885,864.77814,"ppbv CH4","cmip7"
137,"CH4_concentration",1886,867.3069,"ppbv CH4","cmip7"
138,"CH4_concentration",1887,869.9095,"ppbv CH4","cmip7"
139,"CH4_concentration",1888,873.2229,"ppbv CH4","cmip7"
140,"CH4_concentration",1889,877.4022,"ppbv CH4","cmip7"
141,"CH4_concentration",1890,880.21906,"ppbv CH4","cmip7"
142,"CH4_concentration",1891,882.7593,"ppbv CH4","cmip7"
143,"CH4_concentration",1892,885.5133,"ppbv CH4","cmip7"
144,"CH4_concentration",1893,888.51154,"ppbv CH4","cmip7"
145,"CH4_concentration",1894,892.0517,"ppbv CH4","cmip7"
146,"CH4_concentration",1895,895.6895,"ppbv CH4","cmip7"
147,"CH4_concentration",1896,899.27124,"ppbv CH4","cmip7"
148,"CH4_concentration",1897,901.76434,"ppbv CH4","cmip7"
149,"CH4_concentration",1898,903.6866,"ppbv CH4","cmip7"
150,"CH4_concentration",1899,905.5435,"ppbv CH4","cmip7"
151,"CH4_concentration",1900,907.6626,"ppbv CH4","cmip7"
152,"CH4_concentration",1901,909.70807,"ppbv CH4","cmip7"
153,"CH4_concentration",1902,913.1248,"ppbv CH4","cmip7"
154,"CH4_concentration",1903,917.1863,"ppbv CH4","cmip7"
155,"CH4_concentration",1904,922.413,"ppbv CH4","cmip7"
156,"CH4_concentration",1905,927.75964,"ppbv CH4","cmip7"
157,"CH4_concentration",1906,933.3427,"ppbv CH4","cmip7"
158,"CH4_concentration",1907,937.03625,"ppbv CH4","cmip7"
159,"CH4_concentration",1908,941.1984,"ppbv CH4","cmip7"
160,"CH4_concentration",1909,946.34125,"ppbv CH4","cmip7"
161,"CH4_concentration",1910,951.75946,"ppbv CH4","cmip7"
162,"CH4_concentration",1911,957.9007,"ppbv CH4","cmip7"
163,"CH4_concentration",1912,964.29584,"ppbv CH4","cmip7"
164,"CH4_concentration",1913,970.5161,"ppbv CH4","cmip7"
165,"CH4_concentration",1914,974.45264,"ppbv CH4","cmip7"
166,"CH4_concentration",1915,978.70337,"ppbv CH4","cmip7"
167,"CH4_concentration",1916,983.43506,"ppbv CH4","cmip7"
168,"CH4_concentration",1917,988.7853,"ppbv CH4","cmip7"
169,"CH4_concentration",1918,994.25574,"ppbv CH4","cmip7"
170,"CH4_concentration",1919,998.3229,"ppbv CH4","cmip7"
171,"CH4_concentration",1920,1003.78766,"ppbv CH4","cmip7"
172,"CH4_concentration",1921,1009.85315,"ppbv CH4","cmip7"
173,"CH4_concentration",1922,1014.8926,"ppbv CH4","cmip7"
174,"CH4_concentration",1923,1020.6547,"ppbv CH4","cmip7"
175,"CH4_concentration",1924,1026.7754,"ppbv CH4","cmip7"
176,"CH4_concentration",1925,1031.654,"ppbv CH4","cmip7"
177,"CH4_concentration",1926,1037.513,"ppbv CH4","cmip7"
178,"CH4_concentration",1927,1042.0635,"ppbv CH4","cmip7"
179,"CH4_concentration",1928,1046.2665,"ppbv CH4","cmip7"
180,"CH4_concentration",1929,1050.36,"ppbv CH4","cmip7"
181,"CH4_concentration",1930,1055.4187,"ppbv CH4","cmip7"
182,"CH4_concentration",1931,1059.6307,"ppbv CH4","cmip7"
183,"CH4_concentration",1932,1063.9447,"ppbv CH4","cmip7"
184,"CH4_concentration",1933,1068.3408,"ppbv CH4","cmip7"
185,"CH4_concentration",1934,1072.9014,"ppbv CH4","cmip7"
186,"CH4_concentration",1935,1077.5043,"ppbv CH4","cmip7"
187,"CH4_concentration",1936,1082.725,"ppbv CH4","cmip7"
188,"CH4_concentration",1937,1087.3102,"ppbv CH4","cmip7"
189,"CH4_concentration",1938,1091.9843,"ppbv CH4","cmip7"
190,"CH4_concentration",1939,1095.9309,"ppbv CH4","cmip7"
191,"CH4_concentration",1940,1100.0146,"ppbv CH4","cmip7"
192,"CH4_concentration",1941,1105.2523,"ppbv CH4","cmip7"
193,"CH4_concentration",1942,1110.287,"ppbv CH4","cmip7"
194,"CH4_concentration",1943,1115.0511,"ppbv CH4","cmip7"
195,"CH4_concentration",1944,1122.5753,"ppbv CH4","cmip7"
196,"CH4_concentration",1945,1130.4346,"ppbv CH4","cmip7"
197,"CH4_concentration",1946,1138.499,"ppbv CH4","cmip7"
198,"CH4_concentration",1947,1147.0487,"ppbv CH4","cmip7"
199,"CH4_concentration",1948,1153.7858,"ppbv CH4","cmip7"
200,"CH4_concentration",1949,1160.2513,"ppbv CH4","cmip7"
201,"CH4_concentration",1950,1165.0159,"ppbv CH4","cmip7"
202,"CH4_concentration",1951,1170.0625,"ppbv CH4","cmip7"
203,"CH4_concentration",1952,1177.2667,"ppbv CH4","cmip7"
204,"CH4_concentration",1953,1186.202,"ppbv CH4","cmip7"
205,"CH4_concentration",1954,1196.9535,"ppbv CH4","cmip7"
206,"CH4_concentration",1955,1208.8506,"ppbv CH4","cmip7"
207,"CH4_concentration",1956,1222.6984,"ppbv CH4","cmip7"
208,"CH4_concentration",1957,1235.1564,"ppbv CH4","cmip7"
209,"CH4_concentration",1958,1244.6722,"ppbv CH4","cmip7"
210,"CH4_concentration",1959,1252.3525,"ppbv CH4","cmip7"
211,"CH4_concentration",1960,1262.9752,"ppbv CH4","cmip7"
212,"CH4_concentration",1961,1274.44,"ppbv CH4","cmip7"
213,"CH4_concentration",1962,1288.2925,"ppbv CH4","cmip7"
214,"CH4_concentration",1963,1302.7885,"ppbv CH4","cmip7"
215,"CH4_concentration",1964,1316.2968,"ppbv CH4","cmip7"
216,"CH4_concentration",1965,1331.4832,"ppbv CH4","cmip7"
217,"CH4_concentration",1966,1346.6862,"ppbv CH4","cmip7"
218,"CH4_concentration",1967,1360.6283,"ppbv CH4","cmip7"
219,"CH4_concentration",1968,1375.7056,"ppbv CH4","cmip7"
220,"CH4_concentration",1969,1395.4908,"ppbv CH4","cmip7"
221,"CH4_concentration",1970,1412.8004,"ppbv CH4","cmip7"
222,"CH4_concentration",1971,1430.5983,"ppbv CH4","cmip7"
223,"CH4_concentration",1972,1447.787,"ppbv CH4","cmip7"
224,"CH4_concentration",1973,1462.3563,"ppbv CH4","cmip7"
225,"CH4_concentration",1974,1479.2399,"ppbv CH4","cmip7"
226,"CH4_concentration",1975,1496.2742,"ppbv CH4","cmip7"
227,"CH4_concentration",1976,1512.9558,"ppbv CH4","cmip7"
228,"CH4_concentration",1977,1529.7163,"ppbv CH4","cmip7"
229,"CH4_concentration",1978,1547.4382,"ppbv CH4","cmip7"
230,"CH4_concentration",1979,1565.2207,"ppbv CH4","cmip7"
231,"CH4_concentration",1980,1583.9426,"ppbv CH4","cmip7"
232,"CH4_concentration",1981,1601.0251,"ppbv CH4","cmip7"
233,"CH4_concentration",1982,1616.9751,"ppbv CH4","cmip7"
234,"CH4_concentration",1983,1633.2029,"ppbv CH4","cmip7"
235,"CH4_concentration",1984,1646.8208,"ppbv CH4","cmip7"
236,"CH4_concentration",1985,1659.9908,"ppbv CH4","cmip7"
237,"CH4_concentration",1986,1672.9498,"ppbv CH4","cmip7"
238,"CH4_concentration",1987,1686.08,"ppbv CH4","cmip7"
239,"CH4_concentration",1988,1698.8643,"ppbv CH4","cmip7"
240,"CH4_concentration",1989,1708.8883,"ppbv CH4","cmip7"
241,"CH4_concentration",1990,1719.9836,"ppbv CH4","cmip7"
242,"CH4_concentration",1991,1732.0286,"ppbv CH4","cmip7"
243,"CH4_concentration",1992,1744.0833,"ppbv CH4","cmip7"
244,"CH4_concentration",1993,1746.2545,"ppbv CH4","cmip7"
245,"CH4_concentration",1994,1749.6687,"ppbv CH4","cmip7"
246,"CH4_concentration",1995,1757.259,"ppbv CH4","cmip7"
247,"CH4_concentration",1996,1758.647,"ppbv CH4","cmip7"
248,"CH4_concentration",1997,1762.4814,"ppbv CH4","cmip7"
249,"CH4_concentration",1998,1772.2845,"ppbv CH4","cmip7"
250,"CH4_concentration",1999,1779.5907,"ppbv CH4","cmip7"
251,"CH4_concentration",2000,1778.9182,"ppbv CH4","cmip7"
252,"CH4_concentration",2001,1779.1799,"ppbv CH4","cmip7"
253,"CH4_concentration",2002,1781.4246,"ppbv CH4","cmip7"
254,"CH4_concentration",2003,1787.357,"ppbv CH4","cmip7"
255,"CH4_concentration",2004,1789.1829,"ppbv CH4","cmip7"
256,"CH4_concentration",2005,1786.484,"ppbv CH4","cmip7"
257,"CH4_concentration",2006,1786.2482,"ppbv CH4","cmip7"
258,"CH4_concentration",2007,1790.932,"ppbv CH4","cmip7"
259,"CH4_concentration",2008,1800.4309,"ppbv CH4","cmip7"
260,"CH4_concentration",2009,1804.3069,"ppbv CH4","cmip7"
261,"CH4_concentration",2010,1809.6775,"ppbv CH4","cmip7"
262,"CH4_concentration",2011,1813.6029,"ppbv CH4","cmip7"
263,"CH4_concentration",2012,1818.2589,"ppbv CH4","cmip7"
264,"CH4_concentration",2013,1824.6205,"ppbv CH4","cmip7"
265,"CH4_concentration",2014,1834.5485,"ppbv CH4","cmip7"
266,"CH4_concentration",2015,1845.9594,"ppbv CH4","cmip7"
267,"CH4_concentration",2016,1852.3977,"ppbv CH4","cmip7"
268,"CH4_concentration",2017,1859.3855,"ppbv CH4","cmip7"
269,"CH4_concentration",2018,1869.5219,"ppbv CH4","cmip7"
270,"CH4_concentration",2019,1877.2648,"ppbv CH4","cmip7"
271,"CH4_concentration",2020,1889.4786,"ppbv CH4","cmip7"
272,"CH4_concentration",2021,1906.1812,"ppbv CH4","cmip7"
273,"CH4_concentration",2022,1922.0865,"ppbv CH4","cmip7"
274,"CO2_concentration",1745,278.00745,"ppmv CO2","cmip7"
274,"CO2_concentration",1746,278.00745,"ppmv CO2","cmip7"
274,"CO2_concentration",1747,278.00745,"ppmv CO2","cmip7"
274,"CO2_concentration",1748,278.00745,"ppmv CO2","cmip7"
274,"CO2_concentration",1749,278.00745,"ppmv CO2","cmip7"
274,"CO2_concentration",1750,278.00745,"ppmv CO2","cmip7"
275,"CO2_concentration",1751,278.0183,"ppmv CO2","cmip7"
276,"CO2_concentration",1752,278.02832,"ppmv CO2","cmip7"
277,"CO2_concentration",1753,278.03833,"ppmv CO2","cmip7"
278,"CO2_concentration",1754,278.05832,"ppmv CO2","cmip7"
279,"CO2_concentration",1755,278.0783,"ppmv CO2","cmip7"
280,"CO2_concentration",1756,278.08838,"ppmv CO2","cmip7"
281,"CO2_concentration",1757,278.0984,"ppmv CO2","cmip7"
282,"CO2_concentration",1758,278.1084,"ppmv CO2","cmip7"
283,"CO2_concentration",1759,278.11838,"ppmv CO2","cmip7"
284,"CO2_concentration",1760,278.1384,"ppmv CO2","cmip7"
285,"CO2_concentration",1761,278.15848,"ppmv CO2","cmip7"
286,"CO2_concentration",1762,278.18848,"ppmv CO2","cmip7"
287,"CO2_concentration",1763,278.2285,"ppmv CO2","cmip7"
288,"CO2_concentration",1764,278.27847,"ppmv CO2","cmip7"
289,"CO2_concentration",1765,278.33847,"ppmv CO2","cmip7"
290,"CO2_concentration",1766,278.4086,"ppmv CO2","cmip7"
291,"CO2_concentration",1767,278.4786,"ppmv CO2","cmip7"
292,"CO2_concentration",1768,278.5586,"ppmv CO2","cmip7"
293,"CO2_concentration",1769,278.6386,"ppmv CO2","cmip7"
294,"CO2_concentration",1770,278.7286,"ppmv CO2","cmip7"
295,"CO2_concentration",1771,278.82874,"ppmv CO2","cmip7"
296,"CO2_concentration",1772,278.92874,"ppmv CO2","cmip7"
297,"CO2_concentration",1773,279.03873,"ppmv CO2","cmip7"
298,"CO2_concentration",1774,279.15875,"ppmv CO2","cmip7"
299,"CO2_concentration",1775,279.27875,"ppmv CO2","cmip7"
300,"CO2_concentration",1776,279.39886,"ppmv CO2","cmip7"
301,"CO2_concentration",1777,279.53888,"ppmv CO2","cmip7"
302,"CO2_concentration",1778,279.66888,"ppmv CO2","cmip7"
303,"CO2_concentration",1779,279.81888,"ppmv CO2","cmip7"
304,"CO2_concentration",1780,279.9689,"ppmv CO2","cmip7"
305,"CO2_concentration",1781,280.1291,"ppmv CO2","cmip7"
306,"CO2_concentration",1782,280.2891,"ppmv CO2","cmip7"
307,"CO2_concentration",1783,280.4491,"ppmv CO2","cmip7"
308,"CO2_concentration",1784,280.5891,"ppmv CO2","cmip7"
309,"CO2_concentration",1785,280.7291,"ppmv CO2","cmip7"
310,"CO2_concentration",1786,280.85934,"ppmv CO2","cmip7"
311,"CO2_concentration",1787,280.96936,"ppmv CO2","cmip7"
312,"CO2_concentration",1788,281.07935,"ppmv CO2","cmip7"
313,"CO2_concentration",1789,281.17935,"ppmv CO2","cmip7"
314,"CO2_concentration",1790,281.26938,"ppmv CO2","cmip7"
315,"CO2_concentration",1791,281.3596,"ppmv CO2","cmip7"
316,"CO2_concentration",1792,281.42966,"ppmv CO2","cmip7"
317,"CO2_concentration",1793,281.49966,"ppmv CO2","cmip7"
318,"CO2_concentration",1794,281.56967,"ppmv CO2","cmip7"
319,"CO2_concentration",1795,281.63968,"ppmv CO2","cmip7"
320,"CO2_concentration",1796,281.7198,"ppmv CO2","cmip7"
321,"CO2_concentration",1797,281.79993,"ppmv CO2","cmip7"
322,"CO2_concentration",1798,281.89005,"ppmv CO2","cmip7"
323,"CO2_concentration",1799,281.99017,"ppmv CO2","cmip7"
324,"CO2_concentration",1800,282.09036,"ppmv CO2","cmip7"
325,"CO2_concentration",1801,282.19034,"ppmv CO2","cmip7"
326,"CO2_concentration",1802,282.29108,"ppmv CO2","cmip7"
327,"CO2_concentration",1803,282.38132,"ppmv CO2","cmip7"
328,"CO2_concentration",1804,282.4714,"ppmv CO2","cmip7"
329,"CO2_concentration",1805,282.5615,"ppmv CO2","cmip7"
330,"CO2_concentration",1806,282.63165,"ppmv CO2","cmip7"
331,"CO2_concentration",1807,282.71185,"ppmv CO2","cmip7"
332,"CO2_concentration",1808,282.78168,"ppmv CO2","cmip7"
333,"CO2_concentration",1809,282.84167,"ppmv CO2","cmip7"
334,"CO2_concentration",1810,282.9117,"ppmv CO2","cmip7"
335,"CO2_concentration",1811,282.97192,"ppmv CO2","cmip7"
336,"CO2_concentration",1812,283.03207,"ppmv CO2","cmip7"
337,"CO2_concentration",1813,283.0921,"ppmv CO2","cmip7"
338,"CO2_concentration",1814,283.14218,"ppmv CO2","cmip7"
339,"CO2_concentration",1815,283.20233,"ppmv CO2","cmip7"
340,"CO2_concentration",1816,283.26273,"ppmv CO2","cmip7"
341,"CO2_concentration",1817,283.31293,"ppmv CO2","cmip7"
342,"CO2_concentration",1818,283.37292,"ppmv CO2","cmip7"
343,"CO2_concentration",1819,283.43295,"ppmv CO2","cmip7"
344,"CO2_concentration",1820,283.48303,"ppmv CO2","cmip7"
345,"CO2_concentration",1821,283.5331,"ppmv CO2","cmip7"
346,"CO2_concentration",1822,283.5733,"ppmv CO2","cmip7"
347,"CO2_concentration",1823,283.6036,"ppmv CO2","cmip7"
348,"CO2_concentration",1824,283.6238,"ppmv CO2","cmip7"
349,"CO2_concentration",1825,283.64404,"ppmv CO2","cmip7"
350,"CO2_concentration",1826,283.65408,"ppmv CO2","cmip7"
351,"CO2_concentration",1827,283.66455,"ppmv CO2","cmip7"
352,"CO2_concentration",1828,283.65463,"ppmv CO2","cmip7"
353,"CO2_concentration",1829,283.6446,"ppmv CO2","cmip7"
354,"CO2_concentration",1830,283.6363,"ppmv CO2","cmip7"
355,"CO2_concentration",1831,283.60583,"ppmv CO2","cmip7"
356,"CO2_concentration",1832,283.58588,"ppmv CO2","cmip7"
357,"CO2_concentration",1833,283.55606,"ppmv CO2","cmip7"
358,"CO2_concentration",1834,283.52625,"ppmv CO2","cmip7"
359,"CO2_concentration",1835,283.49646,"ppmv CO2","cmip7"
360,"CO2_concentration",1836,283.4679,"ppmv CO2","cmip7"
361,"CO2_concentration",1837,283.4379,"ppmv CO2","cmip7"
362,"CO2_concentration",1838,283.41824,"ppmv CO2","cmip7"
363,"CO2_concentration",1839,283.39862,"ppmv CO2","cmip7"
364,"CO2_concentration",1840,283.39935,"ppmv CO2","cmip7"
365,"CO2_concentration",1841,283.41974,"ppmv CO2","cmip7"
366,"CO2_concentration",1842,283.45044,"ppmv CO2","cmip7"
367,"CO2_concentration",1843,283.50076,"ppmv CO2","cmip7"
368,"CO2_concentration",1844,283.57162,"ppmv CO2","cmip7"
369,"CO2_concentration",1845,283.67303,"ppmv CO2","cmip7"
370,"CO2_concentration",1846,283.7834,"ppmv CO2","cmip7"
371,"CO2_concentration",1847,283.90488,"ppmv CO2","cmip7"
372,"CO2_concentration",1848,284.03497,"ppmv CO2","cmip7"
373,"CO2_concentration",1849,284.16592,"ppmv CO2","cmip7"
374,"CO2_concentration",1850,284.29727,"ppmv CO2","cmip7"
375,"CO2_concentration",1851,284.4198,"ppmv CO2","cmip7"
376,"CO2_concentration",1852,284.553,"ppmv CO2","cmip7"
377,"CO2_concentration",1853,284.67633,"ppmv CO2","cmip7"
378,"CO2_concentration",1854,284.80246,"ppmv CO2","cmip7"
379,"CO2_concentration",1855,284.91525,"ppmv CO2","cmip7"
380,"CO2_concentration",1856,285.0393,"ppmv CO2","cmip7"
381,"CO2_concentration",1857,285.1519,"ppmv CO2","cmip7"
382,"CO2_concentration",1858,285.27463,"ppmv CO2","cmip7"
383,"CO2_concentration",1859,285.39856,"ppmv CO2","cmip7"
384,"CO2_concentration",1860,285.52863,"ppmv CO2","cmip7"
385,"CO2_concentration",1861,285.6675,"ppmv CO2","cmip7"
386,"CO2_concentration",1862,285.8053,"ppmv CO2","cmip7"
387,"CO2_concentration",1863,285.94473,"ppmv CO2","cmip7"
388,"CO2_concentration",1864,286.0948,"ppmv CO2","cmip7"
389,"CO2_concentration",1865,286.25443,"ppmv CO2","cmip7"
390,"CO2_concentration",1866,286.4129,"ppmv CO2","cmip7"
391,"CO2_concentration",1867,286.58334,"ppmv CO2","cmip7"
392,"CO2_concentration",1868,286.76178,"ppmv CO2","cmip7"
393,"CO2_concentration",1869,286.94193,"ppmv CO2","cmip7"
394,"CO2_concentration",1870,287.1202,"ppmv CO2","cmip7"
395,"CO2_concentration",1871,287.31073,"ppmv CO2","cmip7"
396,"CO2_concentration",1872,287.49402,"ppmv CO2","cmip7"
397,"CO2_concentration",1873,287.6851,"ppmv CO2","cmip7"
398,"CO2_concentration",1874,287.85782,"ppmv CO2","cmip7"
399,"CO2_concentration",1875,288.04044,"ppmv CO2","cmip7"
400,"CO2_concentration",1876,288.22864,"ppmv CO2","cmip7"
401,"CO2_concentration",1877,288.41708,"ppmv CO2","cmip7"
402,"CO2_concentration",1878,288.6245,"ppmv CO2","cmip7"
403,"CO2_concentration",1879,288.84677,"ppmv CO2","cmip7"
404,"CO2_concentration",1880,289.08435,"ppmv CO2","cmip7"
405,"CO2_concentration",1881,289.344,"ppmv CO2","cmip7"
406,"CO2_concentration",1882,289.62625,"ppmv CO2","cmip7"
407,"CO2_concentration",1883,289.91943,"ppmv CO2","cmip7"
408,"CO2_concentration",1884,290.21768,"ppmv CO2","cmip7"
409,"CO2_concentration",1885,290.52563,"ppmv CO2","cmip7"
410,"CO2_concentration",1886,290.85428,"ppmv CO2","cmip7"
411,"CO2_concentration",1887,291.1866,"ppmv CO2","cmip7"
412,"CO2_concentration",1888,291.54547,"ppmv CO2","cmip7"
413,"CO2_concentration",1889,291.8928,"ppmv CO2","cmip7"
414,"CO2_concentration",1890,292.25064,"ppmv CO2","cmip7"
415,"CO2_concentration",1891,292.60403,"ppmv CO2","cmip7"
416,"CO2_concentration",1892,292.9522,"ppmv CO2","cmip7"
417,"CO2_concentration",1893,293.29785,"ppmv CO2","cmip7"
418,"CO2_concentration",1894,293.62997,"ppmv CO2","cmip7"
419,"CO2_concentration",1895,293.96564,"ppmv CO2","cmip7"
420,"CO2_concentration",1896,294.29776,"ppmv CO2","cmip7"
421,"CO2_concentration",1897,294.62247,"ppmv CO2","cmip7"
422,"CO2_concentration",1898,294.94858,"ppmv CO2","cmip7"
423,"CO2_concentration",1899,295.2918,"ppmv CO2","cmip7"
424,"CO2_concentration",1900,295.62943,"ppmv CO2","cmip7"
425,"CO2_concentration",1901,295.96298,"ppmv CO2","cmip7"
426,"CO2_concentration",1902,296.2952,"ppmv CO2","cmip7"
427,"CO2_concentration",1903,296.6414,"ppmv CO2","cmip7"
428,"CO2_concentration",1904,296.97116,"ppmv CO2","cmip7"
429,"CO2_concentration",1905,297.3131,"ppmv CO2","cmip7"
430,"CO2_concentration",1906,297.65298,"ppmv CO2","cmip7"
431,"CO2_concentration",1907,298.00452,"ppmv CO2","cmip7"
432,"CO2_concentration",1908,298.3119,"ppmv CO2","cmip7"
433,"CO2_concentration",1909,298.6394,"ppmv CO2","cmip7"
434,"CO2_concentration",1910,298.97116,"ppmv CO2","cmip7"
435,"CO2_concentration",1911,299.29382,"ppmv CO2","cmip7"
436,"CO2_concentration",1912,299.63647,"ppmv CO2","cmip7"
437,"CO2_concentration",1913,300.01077,"ppmv CO2","cmip7"
438,"CO2_concentration",1914,300.33453,"ppmv CO2","cmip7"
439,"CO2_concentration",1915,300.70645,"ppmv CO2","cmip7"
440,"CO2_concentration",1916,301.11765,"ppmv CO2","cmip7"
441,"CO2_concentration",1917,301.5375,"ppmv CO2","cmip7"
442,"CO2_concentration",1918,301.95987,"ppmv CO2","cmip7"
443,"CO2_concentration",1919,302.34058,"ppmv CO2","cmip7"
444,"CO2_concentration",1920,302.8176,"ppmv CO2","cmip7"
445,"CO2_concentration",1921,303.19128,"ppmv CO2","cmip7"
446,"CO2_concentration",1922,303.60464,"ppmv CO2","cmip7"
447,"CO2_concentration",1923,304.0356,"ppmv CO2","cmip7"
448,"CO2_concentration",1924,304.40506,"ppmv CO2","cmip7"
449,"CO2_concentration",1925,304.7461,"ppmv CO2","cmip7"
450,"CO2_concentration",1926,305.06744,"ppmv CO2","cmip7"
451,"CO2_concentration",1927,305.43045,"ppmv CO2","cmip7"
452,"CO2_concentration",1928,305.7359,"ppmv CO2","cmip7"
453,"CO2_concentration",1929,306.08398,"ppmv CO2","cmip7"
454,"CO2_concentration",1930,306.3782,"ppmv CO2","cmip7"
455,"CO2_concentration",1931,306.66232,"ppmv CO2","cmip7"
456,"CO2_concentration",1932,306.97437,"ppmv CO2","cmip7"
457,"CO2_concentration",1933,307.35864,"ppmv CO2","cmip7"
458,"CO2_concentration",1934,307.76636,"ppmv CO2","cmip7"
459,"CO2_concentration",1935,308.19263,"ppmv CO2","cmip7"
460,"CO2_concentration",1936,308.64774,"ppmv CO2","cmip7"
461,"CO2_concentration",1937,309.1062,"ppmv CO2","cmip7"
462,"CO2_concentration",1938,309.50693,"ppmv CO2","cmip7"
463,"CO2_concentration",1939,309.9403,"ppmv CO2","cmip7"
464,"CO2_concentration",1940,310.35413,"ppmv CO2","cmip7"
465,"CO2_concentration",1941,310.71228,"ppmv CO2","cmip7"
466,"CO2_concentration",1942,311.03076,"ppmv CO2","cmip7"
467,"CO2_concentration",1943,311.33582,"ppmv CO2","cmip7"
468,"CO2_concentration",1944,311.5977,"ppmv CO2","cmip7"
469,"CO2_concentration",1945,311.74896,"ppmv CO2","cmip7"
470,"CO2_concentration",1946,312.0315,"ppmv CO2","cmip7"
471,"CO2_concentration",1947,312.30106,"ppmv CO2","cmip7"
472,"CO2_concentration",1948,312.55502,"ppmv CO2","cmip7"
473,"CO2_concentration",1949,312.78305,"ppmv CO2","cmip7"
474,"CO2_concentration",1950,313.07913,"ppmv CO2","cmip7"
475,"CO2_concentration",1951,313.4099,"ppmv CO2","cmip7"
476,"CO2_concentration",1952,313.72485,"ppmv CO2","cmip7"
477,"CO2_concentration",1953,314.06958,"ppmv CO2","cmip7"
478,"CO2_concentration",1954,314.43265,"ppmv CO2","cmip7"
479,"CO2_concentration",1955,314.87228,"ppmv CO2","cmip7"
480,"CO2_concentration",1956,315.31595,"ppmv CO2","cmip7"
481,"CO2_concentration",1957,315.75888,"ppmv CO2","cmip7"
482,"CO2_concentration",1958,316.2324,"ppmv CO2","cmip7"
483,"CO2_concentration",1959,316.74454,"ppmv CO2","cmip7"
484,"CO2_concentration",1960,317.50543,"ppmv CO2","cmip7"
485,"CO2_concentration",1961,318.2684,"ppmv CO2","cmip7"
486,"CO2_concentration",1962,319.0376,"ppmv CO2","cmip7"
487,"CO2_concentration",1963,319.81918,"ppmv CO2","cmip7"
488,"CO2_concentration",1964,320.62097,"ppmv CO2","cmip7"
489,"CO2_concentration",1965,321.45096,"ppmv CO2","cmip7"
490,"CO2_concentration",1966,322.31555,"ppmv CO2","cmip7"
491,"CO2_concentration",1967,323.21872,"ppmv CO2","cmip7"
492,"CO2_concentration",1968,324.1639,"ppmv CO2","cmip7"
493,"CO2_concentration",1969,325.1533,"ppmv CO2","cmip7"
494,"CO2_concentration",1970,326.18716,"ppmv CO2","cmip7"
495,"CO2_concentration",1971,327.26596,"ppmv CO2","cmip7"
496,"CO2_concentration",1972,328.39044,"ppmv CO2","cmip7"
497,"CO2_concentration",1973,329.56064,"ppmv CO2","cmip7"
498,"CO2_concentration",1974,330.77502,"ppmv CO2","cmip7"
499,"CO2_concentration",1975,332.0342,"ppmv CO2","cmip7"
500,"CO2_concentration",1976,333.339,"ppmv CO2","cmip7"
501,"CO2_concentration",1977,334.68808,"ppmv CO2","cmip7"
502,"CO2_concentration",1978,336.07706,"ppmv CO2","cmip7"
503,"CO2_concentration",1979,337.49963,"ppmv CO2","cmip7"
504,"CO2_concentration",1980,338.94904,"ppmv CO2","cmip7"
505,"CO2_concentration",1981,340.41843,"ppmv CO2","cmip7"
506,"CO2_concentration",1982,340.88983,"ppmv CO2","cmip7"
507,"CO2_concentration",1983,342.39886,"ppmv CO2","cmip7"
508,"CO2_concentration",1984,344.06265,"ppmv CO2","cmip7"
509,"CO2_concentration",1985,345.51846,"ppmv CO2","cmip7"
510,"CO2_concentration",1986,347.00122,"ppmv CO2","cmip7"
511,"CO2_concentration",1987,348.77158,"ppmv CO2","cmip7"
512,"CO2_concentration",1988,351.27545,"ppmv CO2","cmip7"
513,"CO2_concentration",1989,352.8699,"ppmv CO2","cmip7"
514,"CO2_concentration",1990,354.0915,"ppmv CO2","cmip7"
515,"CO2_concentration",1991,355.40912,"ppmv CO2","cmip7"
516,"CO2_concentration",1992,356.30032,"ppmv CO2","cmip7"
517,"CO2_concentration",1993,357.01663,"ppmv CO2","cmip7"
518,"CO2_concentration",1994,358.37006,"ppmv CO2","cmip7"
519,"CO2_concentration",1995,360.33215,"ppmv CO2","cmip7"
520,"CO2_concentration",1996,362.12592,"ppmv CO2","cmip7"
521,"CO2_concentration",1997,363.3535,"ppmv CO2","cmip7"
522,"CO2_concentration",1998,366.07816,"ppmv CO2","cmip7"
523,"CO2_concentration",1999,367.93414,"ppmv CO2","cmip7"
524,"CO2_concentration",2000,369.2326,"ppmv CO2","cmip7"
525,"CO2_concentration",2001,370.80002,"ppmv CO2","cmip7"
526,"CO2_concentration",2002,372.9081,"ppmv CO2","cmip7"
527,"CO2_concentration",2003,375.4381,"ppmv CO2","cmip7"
528,"CO2_concentration",2004,377.0999,"ppmv CO2","cmip7"
529,"CO2_concentration",2005,379.01913,"ppmv CO2","cmip7"
530,"CO2_concentration",2006,381.16034,"ppmv CO2","cmip7"
531,"CO2_concentration",2007,382.763,"ppmv CO2","cmip7"
532,"CO2_concentration",2008,384.92792,"ppmv CO2","cmip7"
533,"CO2_concentration",2009,386.48972,"ppmv CO2","cmip7"
534,"CO2_concentration",2010,388.90118,"ppmv CO2","cmip7"
535,"CO2_concentration",2011,391.09216,"ppmv CO2","cmip7"
536,"CO2_concentration",2012,393.24405,"ppmv CO2","cmip7"
537,"CO2_concentration",2013,395.94574,"ppmv CO2","cmip7"
538,"CO2_concentration",2014,397.83267,"ppmv CO2","cmip7"
539,"CO2_concentration",2015,400.13632,"ppmv CO2","cmip7"
540,"CO2_concentration",2016,403.24927,"ppmv CO2","cmip7"
541,"CO2_concentration",2017,405.27396,"ppmv CO2","cmip7"
542,"CO2_concentration",2018,407.76276,"ppmv CO2","cmip7"
543,"CO2_concentration",2019,410.3672,"ppmv CO2","cmip7"
544,"CO2_concentration",2020,412.8737,"ppmv CO2","cmip7"
545,"CO2_concentration",2021,415.12598,"ppmv CO2","cmip7"
546,"CO2_concentration",2022,417.32025,"ppmv CO2","cmip7"
547,"N2O_concentration",1745,266.57,"ppbv N2O","cmip7"
547,"N2O_concentration",1746,266.57,"ppbv N2O","cmip7"
547,"N2O_concentration",1747,266.57,"ppbv N2O","cmip7"
547,"N2O_concentration",1748,266.57,"ppbv N2O","cmip7"
547,"N2O_concentration",1749,266.57,"ppbv N2O","cmip7"
547,"N2O_concentration",1750,266.57,"ppbv N2O","cmip7"
548,"N2O_concentration",1751,266.6,"ppbv N2O","cmip7"
549,"N2O_concentration",1752,266.63,"ppbv N2O","cmip7"
550,"N2O_concentration",1753,266.67,"ppbv N2O","cmip7"
551,"N2O_concentration",1754,266.7,"ppbv N2O","cmip7"
552,"N2O_concentration",1755,266.73,"ppbv N2O","cmip7"
553,"N2O_concentration",1756,266.76,"ppbv N2O","cmip7"
554,"N2O_concentration",1757,266.79,"ppbv N2O","cmip7"
555,"N2O_concentration",1758,266.82,"ppbv N2O","cmip7"
556,"N2O_concentration",1759,266.85,"ppbv N2O","cmip7"
557,"N2O_concentration",1760,266.88,"ppbv N2O","cmip7"
558,"N2O_concentration",1761,266.91,"ppbv N2O","cmip7"
559,"N2O_concentration",1762,266.94,"ppbv N2O","cmip7"
560,"N2O_concentration",1763,266.97,"ppbv N2O","cmip7"
561,"N2O_concentration",1764,267,"ppbv N2O","cmip7"
562,"N2O_concentration",1765,267.03,"ppbv N2O","cmip7"
563,"N2O_concentration",1766,267.06,"ppbv N2O","cmip7"
564,"N2O_concentration",1767,267.09,"ppbv N2O","cmip7"
565,"N2O_concentration",1768,267.12,"ppbv N2O","cmip7"
566,"N2O_concentration",1769,267.15,"ppbv N2O","cmip7"
567,"N2O_concentration",1770,267.18,"ppbv N2O","cmip7"
568,"N2O_concentration",1771,267.21,"ppbv N2O","cmip7"
569,"N2O_concentration",1772,267.25,"ppbv N2O","cmip7"
570,"N2O_concentration",1773,267.28,"ppbv N2O","cmip7"
571,"N2O_concentration",1774,267.31,"ppbv N2O","cmip7"
572,"N2O_concentration",1775,267.34,"ppbv N2O","cmip7"
573,"N2O_concentration",1776,267.37,"ppbv N2O","cmip7"
574,"N2O_concentration",1777,267.41,"ppbv N2O","cmip7"
575,"N2O_concentration",1778,267.44,"ppbv N2O","cmip7"
576,"N2O_concentration",1779,267.47,"ppbv N2O","cmip7"
577,"N2O_concentration",1780,267.5,"ppbv N2O","cmip7"
578,"N2O_concentration",1781,267.54,"ppbv N2O","cmip7"
579,"N2O_concentration",1782,267.57,"ppbv N2O","cmip7"
580,"N2O_concentration",1783,267.61,"ppbv N2O","cmip7"
581,"N2O_concentration",1784,267.64,"ppbv N2O","cmip7"
582,"N2O_concentration",1785,267.68,"ppbv N2O","cmip7"
583,"N2O_concentration",1786,267.71,"ppbv N2O","cmip7"
584,"N2O_concentration",1787,267.75,"ppbv N2O","cmip7"
585,"N2O_concentration",1788,267.78,"ppbv N2O","cmip7"
586,"N2O_concentration",1789,267.82,"ppbv N2O","cmip7"
587,"N2O_concentration",1790,267.85,"ppbv N2O","cmip7"
588,"N2O_concentration",1791,267.89,"ppbv N2O","cmip7"
589,"N2O_concentration",1792,267.93,"ppbv N2O","cmip7"
590,"N2O_concentration",1793,267.97,"ppbv N2O","cmip7"
591,"N2O_concentration",1794,268,"ppbv N2O","cmip7"
592,"N2O_concentration",1795,268.04,"ppbv N2O","cmip7"
593,"N2O_concentration",1796,268.08,"ppbv N2O","cmip7"
594,"N2O_concentration",1797,268.12,"ppbv N2O","cmip7"
595,"N2O_concentration",1798,268.16,"ppbv N2O","cmip7"
596,"N2O_concentration",1799,268.2,"ppbv N2O","cmip7"
597,"N2O_concentration",1800,268.24,"ppbv N2O","cmip7"
598,"N2O_concentration",1801,268.28,"ppbv N2O","cmip7"
599,"N2O_concentration",1802,268.33,"ppbv N2O","cmip7"
600,"N2O_concentration",1803,268.37,"ppbv N2O","cmip7"
601,"N2O_concentration",1804,268.41,"ppbv N2O","cmip7"
602,"N2O_concentration",1805,268.45,"ppbv N2O","cmip7"
603,"N2O_concentration",1806,268.5,"ppbv N2O","cmip7"
604,"N2O_concentration",1807,268.54,"ppbv N2O","cmip7"
605,"N2O_concentration",1808,268.59,"ppbv N2O","cmip7"
606,"N2O_concentration",1809,268.63,"ppbv N2O","cmip7"
607,"N2O_concentration",1810,268.68,"ppbv N2O","cmip7"
608,"N2O_concentration",1811,268.73,"ppbv N2O","cmip7"
609,"N2O_concentration",1812,268.78,"ppbv N2O","cmip7"
610,"N2O_concentration",1813,268.82,"ppbv N2O","cmip7"
611,"N2O_concentration",1814,268.87,"ppbv N2O","cmip7"
612,"N2O_concentration",1815,268.92,"ppbv N2O","cmip7"
613,"N2O_concentration",1816,268.97,"ppbv N2O","cmip7"
614,"N2O_concentration",1817,269.03,"ppbv N2O","cmip7"
615,"N2O_concentration",1818,269.08,"ppbv N2O","cmip7"
616,"N2O_concentration",1819,269.13,"ppbv N2O","cmip7"
617,"N2O_concentration",1820,269.18,"ppbv N2O","cmip7"
618,"N2O_concentration",1821,269.24,"ppbv N2O","cmip7"
619,"N2O_concentration",1822,269.29,"ppbv N2O","cmip7"
620,"N2O_concentration",1823,269.35,"ppbv N2O","cmip7"
621,"N2O_concentration",1824,269.41,"ppbv N2O","cmip7"
622,"N2O_concentration",1825,269.46,"ppbv N2O","cmip7"
623,"N2O_concentration",1826,269.52,"ppbv N2O","cmip7"
624,"N2O_concentration",1827,269.58,"ppbv N2O","cmip7"
625,"N2O_concentration",1828,269.64,"ppbv N2O","cmip7"
626,"N2O_concentration",1829,269.7,"ppbv N2O","cmip7"
627,"N2O_concentration",1830,269.76,"ppbv N2O","cmip7"
628,"N2O_concentration",1831,269.83,"ppbv N2O","cmip7"
629,"N2O_concentration",1832,269.89,"ppbv N2O","cmip7"
630,"N2O_concentration",1833,269.96,"ppbv N2O","cmip7"
631,"N2O_concentration",1834,270.02,"ppbv N2O","cmip7"
632,"N2O_concentration",1835,270.09,"ppbv N2O","cmip7"
633,"N2O_concentration",1836,270.16,"ppbv N2O","cmip7"
634,"N2O_concentration",1837,270.22,"ppbv N2O","cmip7"
635,"N2O_concentration",1838,270.29,"ppbv N2O","cmip7"
636,"N2O_concentration",1839,270.36,"ppbv N2O","cmip7"
637,"N2O_concentration",1840,270.37,"ppbv N2O","cmip7"
638,"N2O_concentration",1841,270.48,"ppbv N2O","cmip7"
639,"N2O_concentration",1842,270.6,"ppbv N2O","cmip7"
640,"N2O_concentration",1843,270.72,"ppbv N2O","cmip7"
641,"N2O_concentration",1844,270.84,"ppbv N2O","cmip7"
642,"N2O_concentration",1845,270.97,"ppbv N2O","cmip7"
643,"N2O_concentration",1846,271.09,"ppbv N2O","cmip7"
644,"N2O_concentration",1847,271.21,"ppbv N2O","cmip7"
645,"N2O_concentration",1848,271.33,"ppbv N2O","cmip7"
646,"N2O_concentration",1849,271.45,"ppbv N2O","cmip7"
647,"N2O_concentration",1850,271.57,"ppbv N2O","cmip7"
648,"N2O_concentration",1851,271.69,"ppbv N2O","cmip7"
649,"N2O_concentration",1852,271.82,"ppbv N2O","cmip7"
650,"N2O_concentration",1853,271.94,"ppbv N2O","cmip7"
651,"N2O_concentration",1854,272.06,"ppbv N2O","cmip7"
652,"N2O_concentration",1855,272.19,"ppbv N2O","cmip7"
653,"N2O_concentration",1856,272.31,"ppbv N2O","cmip7"
654,"N2O_concentration",1857,272.43,"ppbv N2O","cmip7"
655,"N2O_concentration",1858,272.56,"ppbv N2O","cmip7"
656,"N2O_concentration",1859,272.68,"ppbv N2O","cmip7"
657,"N2O_concentration",1860,272.8,"ppbv N2O","cmip7"
658,"N2O_concentration",1861,272.93,"ppbv N2O","cmip7"
659,"N2O_concentration",1862,273.04,"ppbv N2O","cmip7"
660,"N2O_concentration",1863,273.16,"ppbv N2O","cmip7"
661,"N2O_concentration",1864,273.27,"ppbv N2O","cmip7"
662,"N2O_concentration",1865,273.38,"ppbv N2O","cmip7"
663,"N2O_concentration",1866,273.49,"ppbv N2O","cmip7"
664,"N2O_concentration",1867,273.6,"ppbv N2O","cmip7"
665,"N2O_concentration",1868,273.7,"ppbv N2O","cmip7"
666,"N2O_concentration",1869,273.8,"ppbv N2O","cmip7"
667,"N2O_concentration",1870,273.89,"ppbv N2O","cmip7"
668,"N2O_concentration",1871,273.99,"ppbv N2O","cmip7"
669,"N2O_concentration",1872,274.08,"ppbv N2O","cmip7"
670,"N2O_concentration",1873,274.18,"ppbv N2O","cmip7"
671,"N2O_concentration",1874,274.27,"ppbv N2O","cmip7"
672,"N2O_concentration",1875,274.37,"ppbv N2O","cmip7"
673,"N2O_concentration",1876,274.47,"ppbv N2O","cmip7"
674,"N2O_concentration",1877,274.57,"ppbv N2O","cmip7"
675,"N2O_concentration",1878,274.67,"ppbv N2O","cmip7"
676,"N2O_concentration",1879,274.78,"ppbv N2O","cmip7"
677,"N2O_concentration",1880,274.89,"ppbv N2O","cmip7"
678,"N2O_concentration",1881,275,"ppbv N2O","cmip7"
679,"N2O_concentration",1882,275.13,"ppbv N2O","cmip7"
680,"N2O_concentration",1883,275.25,"ppbv N2O","cmip7"
681,"N2O_concentration",1884,275.39,"ppbv N2O","cmip7"
682,"N2O_concentration",1885,275.52,"ppbv N2O","cmip7"
683,"N2O_concentration",1886,275.66,"ppbv N2O","cmip7"
684,"N2O_concentration",1887,275.81,"ppbv N2O","cmip7"
685,"N2O_concentration",1888,275.95,"ppbv N2O","cmip7"
686,"N2O_concentration",1889,276.11,"ppbv N2O","cmip7"
687,"N2O_concentration",1890,276.2775,"ppbv N2O","cmip7"
688,"N2O_concentration",1891,276.455,"ppbv N2O","cmip7"
689,"N2O_concentration",1892,276.6425,"ppbv N2O","cmip7"
690,"N2O_concentration",1893,276.83,"ppbv N2O","cmip7"
691,"N2O_concentration",1894,277.0175,"ppbv N2O","cmip7"
692,"N2O_concentration",1895,277.21497,"ppbv N2O","cmip7"
693,"N2O_concentration",1896,277.42245,"ppbv N2O","cmip7"
694,"N2O_concentration",1897,277.62994,"ppbv N2O","cmip7"
695,"N2O_concentration",1898,277.85745,"ppbv N2O","cmip7"
696,"N2O_concentration",1899,278.08496,"ppbv N2O","cmip7"
697,"N2O_concentration",1900,278.32245,"ppbv N2O","cmip7"
698,"N2O_concentration",1901,278.56995,"ppbv N2O","cmip7"
699,"N2O_concentration",1902,278.81744,"ppbv N2O","cmip7"
700,"N2O_concentration",1903,279.07492,"ppbv N2O","cmip7"
701,"N2O_concentration",1904,279.3424,"ppbv N2O","cmip7"
702,"N2O_concentration",1905,279.60992,"ppbv N2O","cmip7"
703,"N2O_concentration",1906,279.88742,"ppbv N2O","cmip7"
704,"N2O_concentration",1907,280.16492,"ppbv N2O","cmip7"
705,"N2O_concentration",1908,280.4524,"ppbv N2O","cmip7"
706,"N2O_concentration",1909,280.7399,"ppbv N2O","cmip7"
707,"N2O_concentration",1910,281.02737,"ppbv N2O","cmip7"
708,"N2O_concentration",1911,281.3249,"ppbv N2O","cmip7"
709,"N2O_concentration",1912,281.62238,"ppbv N2O","cmip7"
710,"N2O_concentration",1913,281.91986,"ppbv N2O","cmip7"
711,"N2O_concentration",1914,282.21738,"ppbv N2O","cmip7"
712,"N2O_concentration",1915,282.51486,"ppbv N2O","cmip7"
713,"N2O_concentration",1916,282.80237,"ppbv N2O","cmip7"
714,"N2O_concentration",1917,283.09985,"ppbv N2O","cmip7"
715,"N2O_concentration",1918,283.38736,"ppbv N2O","cmip7"
716,"N2O_concentration",1919,283.67484,"ppbv N2O","cmip7"
717,"N2O_concentration",1920,283.95233,"ppbv N2O","cmip7"
718,"N2O_concentration",1921,284.22983,"ppbv N2O","cmip7"
719,"N2O_concentration",1922,284.4973,"ppbv N2O","cmip7"
720,"N2O_concentration",1923,284.76483,"ppbv N2O","cmip7"
721,"N2O_concentration",1924,285.0223,"ppbv N2O","cmip7"
722,"N2O_concentration",1925,285.27982,"ppbv N2O","cmip7"
723,"N2O_concentration",1926,285.5273,"ppbv N2O","cmip7"
724,"N2O_concentration",1927,285.7748,"ppbv N2O","cmip7"
725,"N2O_concentration",1928,286.02228,"ppbv N2O","cmip7"
726,"N2O_concentration",1929,286.2598,"ppbv N2O","cmip7"
727,"N2O_concentration",1930,286.48727,"ppbv N2O","cmip7"
728,"N2O_concentration",1931,286.72476,"ppbv N2O","cmip7"
729,"N2O_concentration",1932,286.95227,"ppbv N2O","cmip7"
730,"N2O_concentration",1933,287.16977,"ppbv N2O","cmip7"
731,"N2O_concentration",1934,287.38727,"ppbv N2O","cmip7"
732,"N2O_concentration",1935,287.60477,"ppbv N2O","cmip7"
733,"N2O_concentration",1936,287.82227,"ppbv N2O","cmip7"
734,"N2O_concentration",1937,288.02975,"ppbv N2O","cmip7"
735,"N2O_concentration",1938,288.23724,"ppbv N2O","cmip7"
736,"N2O_concentration",1939,288.43472,"ppbv N2O","cmip7"
737,"N2O_concentration",1940,288.63223,"ppbv N2O","cmip7"
738,"N2O_concentration",1941,288.8297,"ppbv N2O","cmip7"
739,"N2O_concentration",1942,289.02722,"ppbv N2O","cmip7"
740,"N2O_concentration",1943,289.21472,"ppbv N2O","cmip7"
741,"N2O_concentration",1944,289.40222,"ppbv N2O","cmip7"
742,"N2O_concentration",1945,289.5897,"ppbv N2O","cmip7"
743,"N2O_concentration",1946,289.7772,"ppbv N2O","cmip7"
744,"N2O_concentration",1947,289.9747,"ppbv N2O","cmip7"
745,"N2O_concentration",1948,290.1622,"ppbv N2O","cmip7"
746,"N2O_concentration",1949,290.35968,"ppbv N2O","cmip7"
747,"N2O_concentration",1950,290.56717,"ppbv N2O","cmip7"
748,"N2O_concentration",1951,290.76468,"ppbv N2O","cmip7"
749,"N2O_concentration",1952,290.98218,"ppbv N2O","cmip7"
750,"N2O_concentration",1953,291.19965,"ppbv N2O","cmip7"
751,"N2O_concentration",1954,291.42715,"ppbv N2O","cmip7"
752,"N2O_concentration",1955,291.65466,"ppbv N2O","cmip7"
753,"N2O_concentration",1956,291.89215,"ppbv N2O","cmip7"
754,"N2O_concentration",1957,292.12964,"ppbv N2O","cmip7"
755,"N2O_concentration",1958,292.38715,"ppbv N2O","cmip7"
756,"N2O_concentration",1959,292.64462,"ppbv N2O","cmip7"
757,"N2O_concentration",1960,292.9121,"ppbv N2O","cmip7"
758,"N2O_concentration",1961,293.1896,"ppbv N2O","cmip7"
759,"N2O_concentration",1962,293.48712,"ppbv N2O","cmip7"
760,"N2O_concentration",1963,293.79462,"ppbv N2O","cmip7"
761,"N2O_concentration",1964,294.1221,"ppbv N2O","cmip7"
762,"N2O_concentration",1965,294.4596,"ppbv N2O","cmip7"
763,"N2O_concentration",1966,294.8071,"ppbv N2O","cmip7"
764,"N2O_concentration",1967,295.1846,"ppbv N2O","cmip7"
765,"N2O_concentration",1968,295.57208,"ppbv N2O","cmip7"
766,"N2O_concentration",1969,295.98956,"ppbv N2O","cmip7"
767,"N2O_concentration",1970,296.41708,"ppbv N2O","cmip7"
768,"N2O_concentration",1971,296.87457,"ppbv N2O","cmip7"
769,"N2O_concentration",1972,297.34207,"ppbv N2O","cmip7"
770,"N2O_concentration",1973,297.83957,"ppbv N2O","cmip7"
771,"N2O_concentration",1974,298.34705,"ppbv N2O","cmip7"
772,"N2O_concentration",1975,298.88455,"ppbv N2O","cmip7"
773,"N2O_concentration",1976,299.43204,"ppbv N2O","cmip7"
774,"N2O_concentration",1977,299.98953,"ppbv N2O","cmip7"
775,"N2O_concentration",1978,300.56702,"ppbv N2O","cmip7"
776,"N2O_concentration",1979,301.16452,"ppbv N2O","cmip7"
777,"N2O_concentration",1980,301.772,"ppbv N2O","cmip7"
778,"N2O_concentration",1981,302.38953,"ppbv N2O","cmip7"
779,"N2O_concentration",1982,303.017,"ppbv N2O","cmip7"
780,"N2O_concentration",1983,303.6645,"ppbv N2O","cmip7"
781,"N2O_concentration",1984,304.31198,"ppbv N2O","cmip7"
782,"N2O_concentration",1985,304.9895,"ppbv N2O","cmip7"
783,"N2O_concentration",1986,305.667,"ppbv N2O","cmip7"
784,"N2O_concentration",1987,306.36447,"ppbv N2O","cmip7"
785,"N2O_concentration",1988,307.07196,"ppbv N2O","cmip7"
786,"N2O_concentration",1989,307.78946,"ppbv N2O","cmip7"
787,"N2O_concentration",1990,308.85883,"ppbv N2O","cmip7"
788,"N2O_concentration",1991,309.57324,"ppbv N2O","cmip7"
789,"N2O_concentration",1992,310.10666,"ppbv N2O","cmip7"
790,"N2O_concentration",1993,310.52222,"ppbv N2O","cmip7"
791,"N2O_concentration",1994,311.06284,"ppbv N2O","cmip7"
792,"N2O_concentration",1995,311.50156,"ppbv N2O","cmip7"
793,"N2O_concentration",1996,312.22943,"ppbv N2O","cmip7"
794,"N2O_concentration",1997,312.99384,"ppbv N2O","cmip7"
795,"N2O_concentration",1998,313.6924,"ppbv N2O","cmip7"
796,"N2O_concentration",1999,314.6413,"ppbv N2O","cmip7"
797,"N2O_concentration",2000,315.70068,"ppbv N2O","cmip7"
798,"N2O_concentration",2001,316.4348,"ppbv N2O","cmip7"
799,"N2O_concentration",2002,317.0646,"ppbv N2O","cmip7"
800,"N2O_concentration",2003,317.72534,"ppbv N2O","cmip7"
801,"N2O_concentration",2004,318.3673,"ppbv N2O","cmip7"
802,"N2O_concentration",2005,319.07037,"ppbv N2O","cmip7"
803,"N2O_concentration",2006,319.9035,"ppbv N2O","cmip7"
804,"N2O_concentration",2007,320.6853,"ppbv N2O","cmip7"
805,"N2O_concentration",2008,321.6385,"ppbv N2O","cmip7"
806,"N2O_concentration",2009,322.34692,"ppbv N2O","cmip7"
807,"N2O_concentration",2010,323.21054,"ppbv N2O","cmip7"
808,"N2O_concentration",2011,324.19006,"ppbv N2O","cmip7"
809,"N2O_concentration",2012,325.0818,"ppbv N2O","cmip7"
810,"N2O_concentration",2013,326.0443,"ppbv N2O","cmip7"
811,"N2O_concentration",2014,327.1559,"ppbv N2O","cmip7"
812,"N2O_concentration",2015,328.20212,"ppbv N2O","cmip7"
813,"N2O_concentration",2016,328.97482,"ppbv N2O","cmip7"
814,"N2O_concentration",2017,329.8621,"ppbv N2O","cmip7"
815,"N2O_concentration",2018,330.9976,"ppbv N2O","cmip7"
816,"N2O_concentration",2019,331.91388,"ppbv N2O","cmip7"
817,"N2O_concentration",2020,333.08655,"ppbv N2O","cmip7"
818,"N2O_concentration",2021,334.36472,"ppbv N2O","cmip7"
819,"N2O_concentration",2022,335.69165,"ppbv N2O","cmip7"
