"variable","year","value","units","source"
"CH4_concentration",1745,720.8548,"ppbv CH4","cmip7"
"CH4_concentration",1746,720.8548,"ppbv CH4","cmip7"
"CH4_concentration",1747,720.8548,"ppbv CH4","cmip7"
"CH4_concentration",1748,720.8548,"ppbv CH4","cmip7"
"CH4_concentration",1749,720.8548,"ppbv CH4","cmip7"
"CH4_concentration",1750,720.8548,"ppbv CH4","cmip7"
"CH4_concentration",1751,722.08014,"ppbv CH4","cmip7"
"CH4_concentration",1752,723.3311,"ppbv CH4","cmip7"
"CH4_concentration",1753,723.84,"ppbv CH4","cmip7"
"CH4_concentration",1754,724.0494,"ppbv CH4","cmip7"
"CH4_concentration",1755,724.24023,"ppbv CH4","cmip7"
"CH4_concentration",1756,724.3392,"ppbv CH4","cmip7"
"CH4_concentration",1757,724.5808,"ppbv CH4","cmip7"
"CH4_concentration",1758,725.4735,"ppbv CH4","cmip7"
"CH4_concentration",1759,726.3022,"ppbv CH4","cmip7"
"CH4_concentration",1760,727.24677,"ppbv CH4","cmip7"
"CH4_concentration",1761,728.0718,"ppbv CH4","cmip7"
"CH4_concentration",1762,728.85,"ppbv CH4","cmip7"
"CH4_concentration",1763,729.2629,"ppbv CH4","cmip7"
"CH4_concentration",1764,729.7133,"ppbv CH4","cmip7"
"CH4_concentration",1765,730.0648,"ppbv CH4","cmip7"
"CH4_concentration",1766,730.37,"ppbv CH4","cmip7"
"CH4_concentration",1767,730.6503,"ppbv CH4","cmip7"
"CH4_concentration",1768,731.20996,"ppbv CH4","cmip7"
"CH4_concentration",1769,731.8393,"ppbv CH4","cmip7"
"CH4_concentration",1770,732.4835,"ppbv CH4","cmip7"
"CH4_concentration",1771,733.15466,"ppbv CH4","cmip7"
"CH4_concentration",1772,733.85394,"ppbv CH4","cmip7"
"CH4_concentration",1773,734.67255,"ppbv CH4","cmip7"
"CH4_concentration",1774,735.03107,"ppbv CH4","cmip7"
"CH4_concentration",1775,735.3224,"ppbv CH4","cmip7"
"CH4_concentration",1776,735.69366,"ppbv CH4","cmip7"
"CH4_concentration",1777,736.0626,"ppbv CH4","cmip7"
"CH4_concentration",1778,736.388,"ppbv CH4","cmip7"
"CH4_concentration",1779,737.3029,"ppbv CH4","cmip7"
"CH4_concentration",1780,738.29706,"ppbv CH4","cmip7"
"CH4_concentration",1781,739.3366,"ppbv CH4","cmip7"
"CH4_concentration",1782,740.14734,"ppbv CH4","cmip7"
"CH4_concentration",1783,741.00415,"ppbv CH4","cmip7"
"CH4_concentration",1784,741.28613,"ppbv CH4","cmip7"
"CH4_concentration",1785,741.5487,"ppbv CH4","cmip7"
"CH4_concentration",1786,741.8229,"ppbv CH4","cmip7"
"CH4_concentration",1787,742.1184,"ppbv CH4","cmip7"
"CH4_concentration",1788,742.3667,"ppbv CH4","cmip7"
"CH4_concentration",1789,742.6997,"ppbv CH4","cmip7"
"CH4_concentration",1790,743.0447,"ppbv CH4","cmip7"
"CH4_concentration",1791,743.3706,"ppbv CH4","cmip7"
"CH4_concentration",1792,743.75854,"ppbv CH4","cmip7"
"CH4_concentration",1793,744.14746,"ppbv CH4","cmip7"
"CH4_concentration",1794,744.88696,"ppbv CH4","cmip7"
"CH4_concentration",1795,745.463,"ppbv CH4","cmip7"
"CH4_concentration",1796,746.1833,"ppbv CH4","cmip7"
"CH4_concentration",1797,746.8853,"ppbv CH4","cmip7"
"CH4_concentration",1798,747.50336,"ppbv CH4","cmip7"
"CH4_concentration",1799,747.95856,"ppbv CH4","cmip7"
"CH4_concentration",1800,748.6233,"ppbv CH4","cmip7"
"CH4_concentration",1801,749.34814,"ppbv CH4","cmip7"
"CH4_concentration",1802,750.0791,"ppbv CH4","cmip7"
"CH4_concentration",1803,750.6937,"ppbv CH4","cmip7"
"CH4_concentration",1804,751.64124,"ppbv CH4","cmip7"
"CH4_concentration",1805,752.59863,"ppbv CH4","cmip7"
"CH4_concentration",1806,753.5761,"ppbv CH4","cmip7"
"CH4_concentration",1807,754.5919,"ppbv CH4","cmip7"
"CH4_concentration",1808,755.64136,"ppbv CH4","cmip7"
"CH4_concentration",1809,756.81067,"ppbv CH4","cmip7"
"CH4_concentration",1810,757.95605,"ppbv CH4","cmip7"
"CH4_concentration",1811,758.9457,"ppbv CH4","cmip7"
"CH4_concentration",1812,759.9509,"ppbv CH4","cmip7"
"CH4_concentration",1813,761.17487,"ppbv CH4","cmip7"
"CH4_concentration",1814,762.6759,"ppbv CH4","cmip7"
"CH4_concentration",1815,764.1777,"ppbv CH4","cmip7"
"CH4_concentration",1816,765.74854,"ppbv CH4","cmip7"
"CH4_concentration",1817,767.326,"ppbv CH4","cmip7"
"CH4_concentration",1818,768.7917,"ppbv CH4","cmip7"
"CH4_concentration",1819,770.2823,"ppbv CH4","cmip7"
"CH4_concentration",1820,771.86884,"ppbv CH4","cmip7"
"CH4_concentration",1821,773.51373,"ppbv CH4","cmip7"
"CH4_concentration",1822,774.88586,"ppbv CH4","cmip7"
"CH4_concentration",1823,776.10034,"ppbv CH4","cmip7"
"CH4_concentration",1824,777.1873,"ppbv CH4","cmip7"
"CH4_concentration",1825,778.1969,"ppbv CH4","cmip7"
"CH4_concentration",1826,779.17554,"ppbv CH4","cmip7"
"CH4_concentration",1827,780.0322,"ppbv CH4","cmip7"
"CH4_concentration",1828,780.83936,"ppbv CH4","cmip7"
"CH4_concentration",1829,781.69824,"ppbv CH4","cmip7"
"CH4_concentration",1830,782.4866,"ppbv CH4","cmip7"
"CH4_concentration",1831,783.23065,"ppbv CH4","cmip7"
"CH4_concentration",1832,783.9886,"ppbv CH4","cmip7"
"CH4_concentration",1833,784.86096,"ppbv CH4","cmip7"
"CH4_concentration",1834,785.8822,"ppbv CH4","cmip7"
"CH4_concentration",1835,786.9591,"ppbv CH4","cmip7"
"CH4_concentration",1836,788.1029,"ppbv CH4","cmip7"
"CH4_concentration",1837,788.83514,"ppbv CH4","cmip7"
"CH4_concentration",1838,789.45416,"ppbv CH4","cmip7"
"CH4_concentration",1839,790.0118,"ppbv CH4","cmip7"
"CH4_concentration",1840,790.1644,"ppbv CH4","cmip7"
"CH4_concentration",1841,790.51373,"ppbv CH4","cmip7"
"CH4_concentration",1842,791.1774,"ppbv CH4","cmip7"
"CH4_concentration",1843,792.03973,"ppbv CH4","cmip7"
"CH4_concentration",1844,793.18896,"ppbv CH4","cmip7"
"CH4_concentration",1845,794.86945,"ppbv CH4","cmip7"
"CH4_concentration",1846,795.9599,"ppbv CH4","cmip7"
"CH4_concentration",1847,796.9034,"ppbv CH4","cmip7"
"CH4_concentration",1848,797.5085,"ppbv CH4","cmip7"
"CH4_concentration",1849,798.2651,"ppbv CH4","cmip7"
"CH4_concentration",1850,798.79926,"ppbv CH4","cmip7"
"CH4_concentration",1851,799.1343,"ppbv CH4","cmip7"
"CH4_concentration",1852,799.6845,"ppbv CH4","cmip7"
"CH4_concentration",1853,800.4311,"ppbv CH4","cmip7"
"CH4_concentration",1854,801.3929,"ppbv CH4","cmip7"
"CH4_concentration",1855,802.77905,"ppbv CH4","cmip7"
"CH4_concentration",1856,804.3958,"ppbv CH4","cmip7"
"CH4_concentration",1857,805.9413,"ppbv CH4","cmip7"
"CH4_concentration",1858,807.847,"ppbv CH4","cmip7"
"CH4_concentration",1859,809.9102,"ppbv CH4","cmip7"
"CH4_concentration",1860,812.11566,"ppbv CH4","cmip7"
"CH4_concentration",1861,814.6943,"ppbv CH4","cmip7"
"CH4_concentration",1862,817.00903,"ppbv CH4","cmip7"
"CH4_concentration",1863,819.82996,"ppbv CH4","cmip7"
"CH4_concentration",1864,822.8782,"ppbv CH4","cmip7"
"CH4_concentration",1865,825.91797,"ppbv CH4","cmip7"
"CH4_concentration",1866,829.27045,"ppbv CH4","cmip7"
"CH4_concentration",1867,832.4238,"ppbv CH4","cmip7"
"CH4_concentration",1868,834.8475,"ppbv CH4","cmip7"
"CH4_concentration",1869,836.6992,"ppbv CH4","cmip7"
"CH4_concentration",1870,838.5808,"ppbv CH4","cmip7"
"CH4_concentration",1871,840.6078,"ppbv CH4","cmip7"
"CH4_concentration",1872,842.38947,"ppbv CH4","cmip7"
"CH4_concentration",1873,844.18463,"ppbv CH4","cmip7"
"CH4_concentration",1874,845.91187,"ppbv CH4","cmip7"
"CH4_concentration",1875,847.45056,"ppbv CH4","cmip7"
"CH4_concentration",1876,848.9568,"ppbv CH4","cmip7"
"CH4_concentration",1877,850.3754,"ppbv CH4","cmip7"
"CH4_concentration",1878,851.6116,"ppbv CH4","cmip7"
"CH4_concentration",1879,852.83856,"ppbv CH4","cmip7"
"CH4_concentration",1880,854.5763,"ppbv CH4","cmip7"
"CH4_concentration",1881,856.4181,"ppbv CH4","cmip7"
"CH4_concentration",1882,858.177,"ppbv CH4","cmip7"
"CH4_concentration",1883,860.12585,"ppbv CH4","cmip7"
"CH4_concentration",1884,862.29846,"ppbv CH4","cmip7"
"CH4_concentration",1885,864.77814,"ppbv CH4","cmip7"
"CH4_concentration",1886,867.3069,"ppbv CH4","cmip7"
"CH4_concentration",1887,869.9095,"ppbv CH4","cmip7"
"CH4_concentration",1888,873.2229,"ppbv CH4","cmip7"
"CH4_concentration",1889,877.4022,"ppbv CH4","cmip7"
"CH4_concentration",1890,880.21906,"ppbv CH4","cmip7"
"CH4_concentration",1891,882.7593,"ppbv CH4","cmip7"
"CH4_concentration",1892,885.5133,"ppbv CH4","cmip7"
"CH4_concentration",1893,888.51154,"ppbv CH4","cmip7"
"CH4_concentration",1894,892.0517,"ppbv CH4","cmip7"
"CH4_concentration",1895,895.6895,"ppbv CH4","cmip7"
"CH4_concentration",1896,899.27124,"ppbv CH4","cmip7"
"CH4_concentration",1897,901.76434,"ppbv CH4","cmip7"
"CH4_concentration",1898,903.6866,"ppbv CH4","cmip7"
"CH4_concentration",1899,905.5435,"ppbv CH4","cmip7"
"CH4_concentration",1900,907.6626,"ppbv CH4","cmip7"
"CH4_concentration",1901,909.70807,"ppbv CH4","cmip7"
"CH4_concentration",1902,913.1248,"ppbv CH4","cmip7"
"CH4_concentration",1903,917.1863,"ppbv CH4","cmip7"
"CH4_concentration",1904,922.413,"ppbv CH4","cmip7"
"CH4_concentration",1905,927.75964,"ppbv CH4","cmip7"
"CH4_concentration",1906,933.3427,"ppbv CH4","cmip7"
"CH4_concentration",1907,937.03625,"ppbv CH4","cmip7"
"CH4_concentration",1908,941.1984,"ppbv CH4","cmip7"
"CH4_concentration",1909,946.34125,"ppbv CH4","cmip7"
"CH4_concentration",1910,951.75946,"ppbv CH4","cmip7"
"CH4_concentration",1911,957.9007,"ppbv CH4","cmip7"
"CH4_concentration",1912,964.29584,"ppbv CH4","cmip7"
"CH4_concentration",1913,970.5161,"ppbv CH4","cmip7"
"CH4_concentration",1914,974.45264,"ppbv CH4","cmip7"
"CH4_concentration",1915,978.70337,"ppbv CH4","cmip7"
"CH4_concentration",1916,983.43506,"ppbv CH4","cmip7"
"CH4_concentration",1917,988.7853,"ppbv CH4","cmip7"
"CH4_concentration",1918,994.25574,"ppbv CH4","cmip7"
"CH4_concentration",1919,998.3229,"ppbv CH4","cmip7"
"CH4_concentration",1920,1003.78766,"ppbv CH4","cmip7"
"CH4_concentration",1921,1009.85315,"ppbv CH4","cmip7"
"CH4_concentration",1922,1014.8926,"ppbv CH4","cmip7"
"CH4_concentration",1923,1020.6547,"ppbv CH4","cmip7"
"CH4_concentration",1924,1026.7754,"ppbv CH4","cmip7"
"CH4_concentration",1925,1031.654,"ppbv CH4","cmip7"
"CH4_concentration",1926,1037.513,"ppbv CH4","cmip7"
"CH4_concentration",1927,1042.0635,"ppbv CH4","cmip7"
"CH4_concentration",1928,1046.2665,"ppbv CH4","cmip7"
"CH4_concentration",1929,1050.36,"ppbv CH4","cmip7"
"CH4_concentration",1930,1055.4187,"ppbv CH4","cmip7"
"CH4_concentration",1931,1059.6307,"ppbv CH4","cmip7"
"CH4_concentration",1932,1063.9447,"ppbv CH4","cmip7"
"CH4_concentration",1933,1068.3408,"ppbv CH4","cmip7"
"CH4_concentration",1934,1072.9014,"ppbv CH4","cmip7"
"CH4_concentration",1935,1077.5043,"ppbv CH4","cmip7"
"CH4_concentration",1936,1082.725,"ppbv CH4","cmip7"
"CH4_concentration",1937,1087.3102,"ppbv CH4","cmip7"
"CH4_concentration",1938,1091.9843,"ppbv CH4","cmip7"
"CH4_concentration",1939,1095.9309,"ppbv CH4","cmip7"
"CH4_concentration",1940,1100.0146,"ppbv CH4","cmip7"
"CH4_concentration",1941,1105.2523,"ppbv CH4","cmip7"
"CH4_concentration",1942,1110.287,"ppbv CH4","cmip7"
"CH4_concentration",1943,1115.0511,"ppbv CH4","cmip7"
"CH4_concentration",1944,1122.5753,"ppbv CH4","cmip7"
"CH4_concentration",1945,1130.4346,"ppbv CH4","cmip7"
"CH4_concentration",1946,1138.499,"ppbv CH4","cmip7"
"CH4_concentration",1947,1147.0487,"ppbv CH4","cmip7"
"CH4_concentration",1948,1153.7858,"ppbv CH4","cmip7"
"CH4_concentration",1949,1160.2513,"ppbv CH4","cmip7"
"CH4_concentration",1950,1165.0159,"ppbv CH4","cmip7"
"CH4_concentration",1951,1170.0625,"ppbv CH4","cmip7"
"CH4_concentration",1952,1177.2667,"ppbv CH4","cmip7"
"CH4_concentration",1953,1186.202,"ppbv CH4","cmip7"
"CH4_concentration",1954,1196.9535,"ppbv CH4","cmip7"
"CH4_concentration",1955,1208.8506,"ppbv CH4","cmip7"
"CH4_concentration",1956,1222.6984,"ppbv CH4","cmip7"
"CH4_concentration",1957,1235.1564,"ppbv CH4","cmip7"
"CH4_concentration",1958,1244.6722,"ppbv CH4","cmip7"
"CH4_concentration",1959,1252.3525,"ppbv CH4","cmip7"
"CH4_concentration",1960,1262.9752,"ppbv CH4","cmip7"
"CH4_concentration",1961,1274.44,"ppbv CH4","cmip7"
"CH4_concentration",1962,1288.2925,"ppbv CH4","cmip7"
"CH4_concentration",1963,1302.7885,"ppbv CH4","cmip7"
"CH4_concentration",1964,1316.2968,"ppbv CH4","cmip7"
"CH4_concentration",1965,1331.4832,"ppbv CH4","cmip7"
"CH4_concentration",1966,1346.6862,"ppbv CH4","cmip7"
"CH4_concentration",1967,1360.6283,"ppbv CH4","cmip7"
"CH4_concentration",1968,1375.7056,"ppbv CH4","cmip7"
"CH4_concentration",1969,1395.4908,"ppbv CH4","cmip7"
"CH4_concentration",1970,1412.8004,"ppbv CH4","cmip7"
"CH4_concentration",1971,1430.5983,"ppbv CH4","cmip7"
"CH4_concentration",1972,1447.787,"ppbv CH4","cmip7"
"CH4_concentration",1973,1462.3563,"ppbv CH4","cmip7"
"CH4_concentration",1974,1479.2399,"ppbv CH4","cmip7"
"CH4_concentration",1975,1496.2742,"ppbv CH4","cmip7"
"CH4_concentration",1976,1512.9558,"ppbv CH4","cmip7"
"CH4_concentration",1977,1529.7163,"ppbv CH4","cmip7"
"CH4_concentration",1978,1547.4382,"ppbv CH4","cmip7"
"CH4_concentration",1979,1565.2207,"ppbv CH4","cmip7"
"CH4_concentration",1980,1583.9426,"ppbv CH4","cmip7"
"CH4_concentration",1981,1601.0251,"ppbv CH4","cmip7"
"CH4_concentration",1982,1616.9751,"ppbv CH4","cmip7"
"CH4_concentration",1983,1633.2029,"ppbv CH4","cmip7"
"CH4_concentration",1984,1646.8208,"ppbv CH4","cmip7"
"CH4_concentration",1985,1659.9908,"ppbv CH4","cmip7"
"CH4_concentration",1986,1672.9498,"ppbv CH4","cmip7"
"CH4_concentration",1987,1686.08,"ppbv CH4","cmip7"
"CH4_concentration",1988,1698.8643,"ppbv CH4","cmip7"
"CH4_concentration",1989,1708.8883,"ppbv CH4","cmip7"
"CH4_concentration",1990,1719.9836,"ppbv CH4","cmip7"
"CH4_concentration",1991,1732.0286,"ppbv CH4","cmip7"
"CH4_concentration",1992,1744.0833,"ppbv CH4","cmip7"
"CH4_concentration",1993,1746.2545,"ppbv CH4","cmip7"
"CH4_concentration",1994,1749.6687,"ppbv CH4","cmip7"
"CH4_concentration",1995,1757.259,"ppbv CH4","cmip7"
"CH4_concentration",1996,1758.647,"ppbv CH4","cmip7"
"CH4_concentration",1997,1762.4814,"ppbv CH4","cmip7"
"CH4_concentration",1998,1772.2845,"ppbv CH4","cmip7"
"CH4_concentration",1999,1779.5907,"ppbv CH4","cmip7"
"CH4_concentration",2000,1778.9182,"ppbv CH4","cmip7"
"CH4_concentration",2001,1779.1799,"ppbv CH4","cmip7"
"CH4_concentration",2002,1781.4246,"ppbv CH4","cmip7"
"CH4_concentration",2003,1787.357,"ppbv CH4","cmip7"
"CH4_concentration",2004,1789.1829,"ppbv CH4","cmip7"
"CH4_concentration",2005,1786.484,"ppbv CH4","cmip7"
"CH4_concentration",2006,1786.2482,"ppbv CH4","cmip7"
"CH4_concentration",2007,1790.932,"ppbv CH4","cmip7"
"CH4_concentration",2008,1800.4309,"ppbv CH4","cmip7"
"CH4_concentration",2009,1804.3069,"ppbv CH4","cmip7"
"CH4_concentration",2010,1809.6775,"ppbv CH4","cmip7"
"CH4_concentration",2011,1813.6029,"ppbv CH4","cmip7"
"CH4_concentration",2012,1818.2589,"ppbv CH4","cmip7"
"CH4_concentration",2013,1824.6205,"ppbv CH4","cmip7"
"CH4_concentration",2014,1834.5485,"ppbv CH4","cmip7"
"CH4_concentration",2015,1845.9594,"ppbv CH4","cmip7"
"CH4_concentration",2016,1852.3977,"ppbv CH4","cmip7"
"CH4_concentration",2017,1859.3855,"ppbv CH4","cmip7"
"CH4_concentration",2018,1869.5219,"ppbv CH4","cmip7"
"CH4_concentration",2019,1877.2648,"ppbv CH4","cmip7"
"CH4_concentration",2020,1889.4786,"ppbv CH4","cmip7"
"CH4_concentration",2021,1906.1812,"ppbv CH4","cmip7"
"CH4_concentration",2022,1922.0865,"ppbv CH4","cmip7"
"CO2_concentration",1745,278.00745,"ppmv CO2","cmip7"
"CO2_concentration",1746,278.00745,"ppmv CO2","cmip7"
"CO2_concentration",1747,278.00745,"ppmv CO2","cmip7"
"CO2_concentration",1748,278.00745,"ppmv CO2","cmip7"
"CO2_concentration",1749,278.00745,"ppmv CO2","cmip7"
"CO2_concentration",1750,278.00745,"ppmv CO2","cmip7"
"CO2_concentration",1751,278.0183,"ppmv CO2","cmip7"
"CO2_concentration",1752,278.02832,"ppmv CO2","cmip7"
"CO2_concentration",1753,278.03833,"ppmv CO2","cmip7"
"CO2_concentration",1754,278.05832,"ppmv CO2","cmip7"
"CO2_concentration",1755,278.0783,"ppmv CO2","cmip7"
"CO2_concentration",1756,278.08838,"ppmv CO2","cmip7"
"CO2_concentration",1757,278.0984,"ppmv CO2","cmip7"
"CO2_concentration",1758,278.1084,"ppmv CO2","cmip7"
"CO2_concentration",1759,278.11838,"ppmv CO2","cmip7"
"CO2_concentration",1760,278.1384,"ppmv CO2","cmip7"
"CO2_concentration",1761,278.15848,"ppmv CO2","cmip7"
"CO2_concentration",1762,278.18848,"ppmv CO2","cmip7"
"CO2_concentration",1763,278.2285,"ppmv CO2","cmip7"
"CO2_concentration",1764,278.27847,"ppmv CO2","cmip7"
"CO2_concentration",1765,278.33847,"ppmv CO2","cmip7"
"CO2_concentration",1766,278.4086,"ppmv CO2","cmip7"
"CO2_concentration",1767,278.4786,"ppmv CO2","cmip7"
"CO2_concentration",1768,278.5586,"ppmv CO2","cmip7"
"CO2_concentration",1769,278.6386,"ppmv CO2","cmip7"
"CO2_concentration",1770,278.7286,"ppmv CO2","cmip7"
"CO2_concentration",1771,278.82874,"ppmv CO2","cmip7"
"CO2_concentration",1772,278.92874,"ppmv CO2","cmip7"
"CO2_concentration",1773,279.03873,"ppmv CO2","cmip7"
"CO2_concentration",1774,279.15875,"ppmv CO2","cmip7"
"CO2_concentration",1775,279.27875,"ppmv CO2","cmip7"
"CO2_concentration",1776,279.39886,"ppmv CO2","cmip7"
"CO2_concentration",1777,279.53888,"ppmv CO2","cmip7"
"CO2_concentration",1778,279.66888,"ppmv CO2","cmip7"
"CO2_concentration",1779,279.81888,"ppmv CO2","cmip7"
"CO2_concentration",1780,279.9689,"ppmv CO2","cmip7"
"CO2_concentration",1781,280.1291,"ppmv CO2","cmip7"
"CO2_concentration",1782,280.2891,"ppmv CO2","cmip7"
"CO2_concentration",1783,280.4491,"ppmv CO2","cmip7"
"CO2_concentration",1784,280.5891,"ppmv CO2","cmip7"
"CO2_concentration",1785,280.7291,"ppmv CO2","cmip7"
"CO2_concentration",1786,280.85934,"ppmv CO2","cmip7"
"CO2_concentration",1787,280.96936,"ppmv CO2","cmip7"
"CO2_concentration",1788,281.07935,"ppmv CO2","cmip7"
"CO2_concentration",1789,281.17935,"ppmv CO2","cmip7"
"CO2_concentration",1790,281.26938,"ppmv CO2","cmip7"
"CO2_concentration",1791,281.3596,"ppmv CO2","cmip7"
"CO2_concentration",1792,281.42966,"ppmv CO2","cmip7"
"CO2_concentration",1793,281.49966,"ppmv CO2","cmip7"
"CO2_concentration",1794,281.56967,"ppmv CO2","cmip7"
"CO2_concentration",1795,281.63968,"ppmv CO2","cmip7"
"CO2_concentration",1796,281.7198,"ppmv CO2","cmip7"
"CO2_concentration",1797,281.79993,"ppmv CO2","cmip7"
"CO2_concentration",1798,281.89005,"ppmv CO2","cmip7"
"CO2_concentration",1799,281.99017,"ppmv CO2","cmip7"
"CO2_concentration",1800,282.09036,"ppmv CO2","cmip7"
"CO2_concentration",1801,282.19034,"ppmv CO2","cmip7"
"CO2_concentration",1802,282.29108,"ppmv CO2","cmip7"
"CO2_concentration",1803,282.38132,"ppmv CO2","cmip7"
"CO2_concentration",1804,282.4714,"ppmv CO2","cmip7"
"CO2_concentration",1805,282.5615,"ppmv CO2","cmip7"
"CO2_concentration",1806,282.63165,"ppmv CO2","cmip7"
"CO2_concentration",1807,282.71185,"ppmv CO2","cmip7"
"CO2_concentration",1808,282.78168,"ppmv CO2","cmip7"
"CO2_concentration",1809,282.84167,"ppmv CO2","cmip7"
"CO2_concentration",1810,282.9117,"ppmv CO2","cmip7"
"CO2_concentration",1811,282.97192,"ppmv CO2","cmip7"
"CO2_concentration",1812,283.03207,"ppmv CO2","cmip7"
"CO2_concentration",1813,283.0921,"ppmv CO2","cmip7"
"CO2_concentration",1814,283.14218,"ppmv CO2","cmip7"
"CO2_concentration",1815,283.20233,"ppmv CO2","cmip7"
"CO2_concentration",1816,283.26273,"ppmv CO2","cmip7"
"CO2_concentration",1817,283.31293,"ppmv CO2","cmip7"
"CO2_concentration",1818,283.37292,"ppmv CO2","cmip7"
"CO2_concentration",1819,283.43295,"ppmv CO2","cmip7"
"CO2_concentration",1820,283.48303,"ppmv CO2","cmip7"
"CO2_concentration",1821,283.5331,"ppmv CO2","cmip7"
"CO2_concentration",1822,283.5733,"ppmv CO2","cmip7"
"CO2_concentration",1823,283.6036,"ppmv CO2","cmip7"
"CO2_concentration",1824,283.6238,"ppmv CO2","cmip7"
"CO2_concentration",1825,283.64404,"ppmv CO2","cmip7"
"CO2_concentration",1826,283.65408,"ppmv CO2","cmip7"
"CO2_concentration",1827,283.66455,"ppmv CO2","cmip7"
"CO2_concentration",1828,283.65463,"ppmv CO2","cmip7"
"CO2_concentration",1829,283.6446,"ppmv CO2","cmip7"
"CO2_concentration",1830,283.6363,"ppmv CO2","cmip7"
"CO2_concentration",1831,283.60583,"ppmv CO2","cmip7"
"CO2_concentration",1832,283.58588,"ppmv CO2","cmip7"
"CO2_concentration",1833,283.55606,"ppmv CO2","cmip7"
"CO2_concentration",1834,283.52625,"ppmv CO2","cmip7"
"CO2_concentration",1835,283.49646,"ppmv CO2","cmip7"
"CO2_concentration",1836,283.4679,"ppmv CO2","cmip7"
"CO2_concentration",1837,283.4379,"ppmv CO2","cmip7"
"CO2_concentration",1838,283.41824,"ppmv CO2","cmip7"
"CO2_concentration",1839,283.39862,"ppmv CO2","cmip7"
"CO2_concentration",1840,283.39935,"ppmv CO2","cmip7"
"CO2_concentration",1841,283.41974,"ppmv CO2","cmip7"
"CO2_concentration",1842,283.45044,"ppmv CO2","cmip7"
"CO2_concentration",1843,283.50076,"ppmv CO2","cmip7"
"CO2_concentration",1844,283.57162,"ppmv CO2","cmip7"
"CO2_concentration",1845,283.67303,"ppmv CO2","cmip7"
"CO2_concentration",1846,283.7834,"ppmv CO2","cmip7"
"CO2_concentration",1847,283.90488,"ppmv CO2","cmip7"
"CO2_concentration",1848,284.03497,"ppmv CO2","cmip7"
"CO2_concentration",1849,284.16592,"ppmv CO2","cmip7"
"CO2_concentration",1850,284.29727,"ppmv CO2","cmip7"
"CO2_concentration",1851,284.4198,"ppmv CO2","cmip7"
"CO2_concentration",1852,284.553,"ppmv CO2","cmip7"
"CO2_concentration",1853,284.67633,"ppmv CO2","cmip7"
"CO2_concentration",1854,284.80246,"ppmv CO2","cmip7"
"CO2_concentration",1855,284.91525,"ppmv CO2","cmip7"
"CO2_concentration",1856,285.0393,"ppmv CO2","cmip7"
"CO2_concentration",1857,285.1519,"ppmv CO2","cmip7"
"CO2_concentration",1858,285.27463,"ppmv CO2","cmip7"
"CO2_concentration",1859,285.39856,"ppmv CO2","cmip7"
"CO2_concentration",1860,285.52863,"ppmv CO2","cmip7"
"CO2_concentration",1861,285.6675,"ppmv CO2","cmip7"
"CO2_concentration",1862,285.8053,"ppmv CO2","cmip7"
"CO2_concentration",1863,285.94473,"ppmv CO2","cmip7"
"CO2_concentration",1864,286.0948,"ppmv CO2","cmip7"
"CO2_concentration",1865,286.25443,"ppmv CO2","cmip7"
"CO2_concentration",1866,286.4129,"ppmv CO2","cmip7"
"CO2_concentration",1867,286.58334,"ppmv CO2","cmip7"
"CO2_concentration",1868,286.76178,"ppmv CO2","cmip7"
"CO2_concentration",1869,286.94193,"ppmv CO2","cmip7"
"CO2_concentration",1870,287.1202,"ppmv CO2","cmip7"
"CO2_concentration",1871,287.31073,"ppmv CO2","cmip7"
"CO2_concentration",1872,287.49402,"ppmv CO2","cmip7"
"CO2_concentration",1873,287.6851,"ppmv CO2","cmip7"
"CO2_concentration",1874,287.85782,"ppmv CO2","cmip7"
"CO2_concentration",1875,288.04044,"ppmv CO2","cmip7"
"CO2_concentration",1876,288.22864,"ppmv CO2","cmip7"
"CO2_concentration",1877,288.41708,"ppmv CO2","cmip7"
"CO2_concentration",1878,288.6245,"ppmv CO2","cmip7"
"CO2_concentration",1879,288.84677,"ppmv CO2","cmip7"
"CO2_concentration",1880,289.08435,"ppmv CO2","cmip7"
"CO2_concentration",1881,289.344,"ppmv CO2","cmip7"
"CO2_concentration",1882,289.62625,"ppmv CO2","cmip7"
"CO2_concentration",1883,289.91943,"ppmv CO2","cmip7"
"CO2_concentration",1884,290.21768,"ppmv CO2","cmip7"
"CO2_concentration",1885,290.52563,"ppmv CO2","cmip7"
"CO2_concentration",1886,290.85428,"ppmv CO2","cmip7"
"CO2_concentration",1887,291.1866,"ppmv CO2","cmip7"
"CO2_concentration",1888,291.54547,"ppmv CO2","cmip7"
"CO2_concentration",1889,291.8928,"ppmv CO2","cmip7"
"CO2_concentration",1890,292.25064,"ppmv CO2","cmip7"
"CO2_concentration",1891,292.60403,"ppmv CO2","cmip7"
"CO2_concentration",1892,292.9522,"ppmv CO2","cmip7"
"CO2_concentration",1893,293.29785,"ppmv CO2","cmip7"
"CO2_concentration",1894,293.62997,"ppmv CO2","cmip7"
"CO2_concentration",1895,293.96564,"ppmv CO2","cmip7"
"CO2_concentration",1896,294.29776,"ppmv CO2","cmip7"
"CO2_concentration",1897,294.62247,"ppmv CO2","cmip7"
"CO2_concentration",1898,294.94858,"ppmv CO2","cmip7"
"CO2_concentration",1899,295.2918,"ppmv CO2","cmip7"
"CO2_concentration",1900,295.62943,"ppmv CO2","cmip7"
"CO2_concentration",1901,295.96298,"ppmv CO2","cmip7"
"CO2_concentration",1902,296.2952,"ppmv CO2","cmip7"
"CO2_concentration",1903,296.6414,"ppmv CO2","cmip7"
"CO2_concentration",1904,296.97116,"ppmv CO2","cmip7"
"CO2_concentration",1905,297.3131,"ppmv CO2","cmip7"
"CO2_concentration",1906,297.65298,"ppmv CO2","cmip7"
"CO2_concentration",1907,298.00452,"ppmv CO2","cmip7"
"CO2_concentration",1908,298.3119,"ppmv CO2","cmip7"
"CO2_concentration",1909,298.6394,"ppmv CO2","cmip7"
"CO2_concentration",1910,298.97116,"ppmv CO2","cmip7"
"CO2_concentration",1911,299.29382,"ppmv CO2","cmip7"
"CO2_concentration",1912,299.63647,"ppmv CO2","cmip7"
"CO2_concentration",1913,300.01077,"ppmv CO2","cmip7"
"CO2_concentration",1914,300.33453,"ppmv CO2","cmip7"
"CO2_concentration",1915,300.70645,"ppmv CO2","cmip7"
"CO2_concentration",1916,301.11765,"ppmv CO2","cmip7"
"CO2_concentration",1917,301.5375,"ppmv CO2","cmip7"
"CO2_concentration",1918,301.95987,"ppmv CO2","cmip7"
"CO2_concentration",1919,302.34058,"ppmv CO2","cmip7"
"CO2_concentration",1920,302.8176,"ppmv CO2","cmip7"
"CO2_concentration",1921,303.19128,"ppmv CO2","cmip7"
"CO2_concentration",1922,303.60464,"ppmv CO2","cmip7"
"CO2_concentration",1923,304.0356,"ppmv CO2","cmip7"
"CO2_concentration",1924,304.40506,"ppmv CO2","cmip7"
"CO2_concentration",1925,304.7461,"ppmv CO2","cmip7"
"CO2_concentration",1926,305.06744,"ppmv CO2","cmip7"
"CO2_concentration",1927,305.43045,"ppmv CO2","cmip7"
"CO2_concentration",1928,305.7359,"ppmv CO2","cmip7"
"CO2_concentration",1929,306.08398,"ppmv CO2","cmip7"
"CO2_concentration",1930,306.3782,"ppmv CO2","cmip7"
"CO2_concentration",1931,306.66232,"ppmv CO2","cmip7"
"CO2_concentration",1932,306.97437,"ppmv CO2","cmip7"
"CO2_concentration",1933,307.35864,"ppmv CO2","cmip7"
"CO2_concentration",1934,307.76636,"ppmv CO2","cmip7"
"CO2_concentration",1935,308.19263,"ppmv CO2","cmip7"
"CO2_concentration",1936,308.64774,"ppmv CO2","cmip7"
"CO2_concentration",1937,309.1062,"ppmv CO2","cmip7"
"CO2_concentration",1938,309.50693,"ppmv CO2","cmip7"
"CO2_concentration",1939,309.9403,"ppmv CO2","cmip7"
"CO2_concentration",1940,310.35413,"ppmv CO2","cmip7"
"CO2_concentration",1941,310.71228,"ppmv CO2","cmip7"
"CO2_concentration",1942,311.03076,"ppmv CO2","cmip7"
"CO2_concentration",1943,311.33582,"ppmv CO2","cmip7"
"CO2_concentration",1944,311.5977,"ppmv CO2","cmip7"
"CO2_concentration",1945,311.74896,"ppmv CO2","cmip7"
"CO2_concentration",1946,312.0315,"ppmv CO2","cmip7"
"CO2_concentration",1947,312.30106,"ppmv CO2","cmip7"
"CO2_concentration",1948,312.55502,"ppmv CO2","cmip7"
"CO2_concentration",1949,312.78305,"ppmv CO2","cmip7"
"CO2_concentration",1950,313.07913,"ppmv CO2","cmip7"
"CO2_concentration",1951,313.4099,"ppmv CO2","cmip7"
"CO2_concentration",1952,313.72485,"ppmv CO2","cmip7"
"CO2_concentration",1953,314.06958,"ppmv CO2","cmip7"
"CO2_concentration",1954,314.43265,"ppmv CO2","cmip7"
"CO2_concentration",1955,314.87228,"ppmv CO2","cmip7"
"CO2_concentration",1956,315.31595,"ppmv CO2","cmip7"
"CO2_concentration",1957,315.75888,"ppmv CO2","cmip7"
"CO2_concentration",1958,316.2324,"ppmv CO2","cmip7"
"CO2_concentration",1959,316.74454,"ppmv CO2","cmip7"
"CO2_concentration",1960,317.50543,"ppmv CO2","cmip7"
"CO2_concentration",1961,318.2684,"ppmv CO2","cmip7"
"CO2_concentration",1962,319.0376,"ppmv CO2","cmip7"
"CO2_concentration",1963,319.81918,"ppmv CO2","cmip7"
"CO2_concentration",1964,320.62097,"ppmv CO2","cmip7"
"CO2_concentration",1965,321.45096,"ppmv CO2","cmip7"
"CO2_concentration",1966,322.31555,"ppmv CO2","cmip7"
"CO2_concentration",1967,323.21872,"ppmv CO2","cmip7"
"CO2_concentration",1968,324.1639,"ppmv CO2","cmip7"
"CO2_concentration",1969,325.1533,"ppmv CO2","cmip7"
"CO2_concentration",1970,326.18716,"ppmv CO2","cmip7"
"CO2_concentration",1971,327.26596,"ppmv CO2","cmip7"
"CO2_concentration",1972,328.39044,"ppmv CO2","cmip7"
"CO2_concentration",1973,329.56064,"ppmv CO2","cmip7"
"CO2_concentration",1974,330.77502,"ppmv CO2","cmip7"
"CO2_concentration",1975,332.0342,"ppmv CO2","cmip7"
"CO2_concentration",1976,333.339,"ppmv CO2","cmip7"
"CO2_concentration",1977,334.68808,"ppmv CO2","cmip7"
"CO2_concentration",1978,336.07706,"ppmv CO2","cmip7"
"CO2_concentration",1979,337.49963,"ppmv CO2","cmip7"
"CO2_concentration",1980,338.94904,"ppmv CO2","cmip7"
"CO2_concentration",1981,340.41843,"ppmv CO2","cmip7"
"CO2_concentration",1982,340.88983,"ppmv CO2","cmip7"
"CO2_concentration",1983,342.39886,"ppmv CO2","cmip7"
"CO2_concentration",1984,344.06265,"ppmv CO2","cmip7"
"CO2_concentration",1985,345.51846,"ppmv CO2","cmip7"
"CO2_concentration",1986,347.00122,"ppmv CO2","cmip7"
"CO2_concentration",1987,348.77158,"ppmv CO2","cmip7"
"CO2_concentration",1988,351.27545,"ppmv CO2","cmip7"
"CO2_concentration",1989,352.8699,"ppmv CO2","cmip7"
"CO2_concentration",1990,354.0915,"ppmv CO2","cmip7"
"CO2_concentration",1991,355.40912,"ppmv CO2","cmip7"
"CO2_concentration",1992,356.30032,"ppmv CO2","cmip7"
"CO2_concentration",1993,357.01663,"ppmv CO2","cmip7"
"CO2_concentration",1994,358.37006,"ppmv CO2","cmip7"
"CO2_concentration",1995,360.33215,"ppmv CO2","cmip7"
"CO2_concentration",1996,362.12592,"ppmv CO2","cmip7"
"CO2_concentration",1997,363.3535,"ppmv CO2","cmip7"
"CO2_concentration",1998,366.07816,"ppmv CO2","cmip7"
"CO2_concentration",1999,367.93414,"ppmv CO2","cmip7"
"CO2_concentration",2000,369.2326,"ppmv CO2","cmip7"
"CO2_concentration",2001,370.80002,"ppmv CO2","cmip7"
"CO2_concentration",2002,372.9081,"ppmv CO2","cmip7"
"CO2_concentration",2003,375.4381,"ppmv CO2","cmip7"
"CO2_concentration",2004,377.0999,"ppmv CO2","cmip7"
"CO2_concentration",2005,379.01913,"ppmv CO2","cmip7"
"CO2_concentration",2006,381.16034,"ppmv CO2","cmip7"
"CO2_concentration",2007,382.763,"ppmv CO2","cmip7"
"CO2_concentration",2008,384.92792,"ppmv CO2","cmip7"
"CO2_concentration",2009,386.48972,"ppmv CO2","cmip7"
"CO2_concentration",2010,388.90118,"ppmv CO2","cmip7"
"CO2_concentration",2011,391.09216,"ppmv CO2","cmip7"
"CO2_concentration",2012,393.24405,"ppmv CO2","cmip7"
"CO2_concentration",2013,395.94574,"ppmv CO2","cmip7"
"CO2_concentration",2014,397.83267,"ppmv CO2","cmip7"
"CO2_concentration",2015,400.13632,"ppmv CO2","cmip7"
"CO2_concentration",2016,403.24927,"ppmv CO2","cmip7"
"CO2_concentration",2017,405.27396,"ppmv CO2","cmip7"
"CO2_concentration",2018,407.76276,"ppmv CO2","cmip7"
"CO2_concentration",2019,410.3672,"ppmv CO2","cmip7"
"CO2_concentration",2020,412.8737,"ppmv CO2","cmip7"
"CO2_concentration",2021,415.12598,"ppmv CO2","cmip7"
"CO2_concentration",2022,417.32025,"ppmv CO2","cmip7"
"N2O_concentration",1745,266.57,"ppbv N2O","cmip7"
"N2O_concentration",1746,266.57,"ppbv N2O","cmip7"
"N2O_concentration",1747,266.57,"ppbv N2O","cmip7"
"N2O_concentration",1748,266.57,"ppbv N2O","cmip7"
"N2O_concentration",1749,266.57,"ppbv N2O","cmip7"
"N2O_concentration",1750,266.57,"ppbv N2O","cmip7"
"N2O_concentration",1751,266.6,"ppbv N2O","cmip7"
"N2O_concentration",1752,266.63,"ppbv N2O","cmip7"
"N2O_concentration",1753,266.67,"ppbv N2O","cmip7"
"N2O_concentration",1754,266.7,"ppbv N2O","cmip7"
"N2O_concentration",1755,266.73,"ppbv N2O","cmip7"
"N2O_concentration",1756,266.76,"ppbv N2O","cmip7"
"N2O_concentration",1757,266.79,"ppbv N2O","cmip7"
"N2O_concentration",1758,266.82,"ppbv N2O","cmip7"
"N2O_concentration",1759,266.85,"ppbv N2O","cmip7"
"N2O_concentration",1760,266.88,"ppbv N2O","cmip7"
"N2O_concentration",1761,266.91,"ppbv N2O","cmip7"
"N2O_concentration",1762,266.94,"ppbv N2O","cmip7"
"N2O_concentration",1763,266.97,"ppbv N2O","cmip7"
"N2O_concentration",1764,267,"ppbv N2O","cmip7"
"N2O_concentration",1765,267.03,"ppbv N2O","cmip7"
"N2O_concentration",1766,267.06,"ppbv N2O","cmip7"
"N2O_concentration",1767,267.09,"ppbv N2O","cmip7"
"N2O_concentration",1768,267.12,"ppbv N2O","cmip7"
"N2O_concentration",1769,267.15,"ppbv N2O","cmip7"
"N2O_concentration",1770,267.18,"ppbv N2O","cmip7"
"N2O_concentration",1771,267.21,"ppbv N2O","cmip7"
"N2O_concentration",1772,267.25,"ppbv N2O","cmip7"
"N2O_concentration",1773,267.28,"ppbv N2O","cmip7"
"N2O_concentration",1774,267.31,"ppbv N2O","cmip7"
"N2O_concentration",1775,267.34,"ppbv N2O","cmip7"
"N2O_concentration",1776,267.37,"ppbv N2O","cmip7"
"N2O_concentration",1777,267.41,"ppbv N2O","cmip7"
"N2O_concentration",1778,267.44,"ppbv N2O","cmip7"
"N2O_concentration",1779,267.47,"ppbv N2O","cmip7"
"N2O_concentration",1780,267.5,"ppbv N2O","cmip7"
"N2O_concentration",1781,267.54,"ppbv N2O","cmip7"
"N2O_concentration",1782,267.57,"ppbv N2O","cmip7"
"N2O_concentration",1783,267.61,"ppbv N2O","cmip7"
"N2O_concentration",1784,267.64,"ppbv N2O","cmip7"
"N2O_concentration",1785,267.68,"ppbv N2O","cmip7"
"N2O_concentration",1786,267.71,"ppbv N2O","cmip7"
"N2O_concentration",1787,267.75,"ppbv N2O","cmip7"
"N2O_concentration",1788,267.78,"ppbv N2O","cmip7"
"N2O_concentration",1789,267.82,"ppbv N2O","cmip7"
"N2O_concentration",1790,267.85,"ppbv N2O","cmip7"
"N2O_concentration",1791,267.89,"ppbv N2O","cmip7"
"N2O_concentration",1792,267.93,"ppbv N2O","cmip7"
"N2O_concentration",1793,267.97,"ppbv N2O","cmip7"
"N2O_concentration",1794,268,"ppbv N2O","cmip7"
"N2O_concentration",1795,268.04,"ppbv N2O","cmip7"
"N2O_concentration",1796,268.08,"ppbv N2O","cmip7"
"N2O_concentration",1797,268.12,"ppbv N2O","cmip7"
"N2O_concentration",1798,268.16,"ppbv N2O","cmip7"
"N2O_concentration",1799,268.2,"ppbv N2O","cmip7"
"N2O_concentration",1800,268.24,"ppbv N2O","cmip7"
"N2O_concentration",1801,268.28,"ppbv N2O","cmip7"
"N2O_concentration",1802,268.33,"ppbv N2O","cmip7"
"N2O_concentration",1803,268.37,"ppbv N2O","cmip7"
"N2O_concentration",1804,268.41,"ppbv N2O","cmip7"
"N2O_concentration",1805,268.45,"ppbv N2O","cmip7"
"N2O_concentration",1806,268.5,"ppbv N2O","cmip7"
"N2O_concentration",1807,268.54,"ppbv N2O","cmip7"
"N2O_concentration",1808,268.59,"ppbv N2O","cmip7"
"N2O_concentration",1809,268.63,"ppbv N2O","cmip7"
"N2O_concentration",1810,268.68,"ppbv N2O","cmip7"
"N2O_concentration",1811,268.73,"ppbv N2O","cmip7"
"N2O_concentration",1812,268.78,"ppbv N2O","cmip7"
"N2O_concentration",1813,268.82,"ppbv N2O","cmip7"
"N2O_concentration",1814,268.87,"ppbv N2O","cmip7"
"N2O_concentration",1815,268.92,"ppbv N2O","cmip7"
"N2O_concentration",1816,268.97,"ppbv N2O","cmip7"
"N2O_concentration",1817,269.03,"ppbv N2O","cmip7"
"N2O_concentration",1818,269.08,"ppbv N2O","cmip7"
"N2O_concentration",1819,269.13,"ppbv N2O","cmip7"
"N2O_concentration",1820,269.18,"ppbv N2O","cmip7"
"N2O_concentration",1821,269.24,"ppbv N2O","cmip7"
"N2O_concentration",1822,269.29,"ppbv N2O","cmip7"
"N2O_concentration",1823,269.35,"ppbv N2O","cmip7"
"N2O_concentration",1824,269.41,"ppbv N2O","cmip7"
"N2O_concentration",1825,269.46,"ppbv N2O","cmip7"
"N2O_concentration",1826,269.52,"ppbv N2O","cmip7"
"N2O_concentration",1827,269.58,"ppbv N2O","cmip7"
"N2O_concentration",1828,269.64,"ppbv N2O","cmip7"
"N2O_concentration",1829,269.7,"ppbv N2O","cmip7"
"N2O_concentration",1830,269.76,"ppbv N2O","cmip7"
"N2O_concentration",1831,269.83,"ppbv N2O","cmip7"
"N2O_concentration",1832,269.89,"ppbv N2O","cmip7"
"N2O_concentration",1833,269.96,"ppbv N2O","cmip7"
"N2O_concentration",1834,270.02,"ppbv N2O","cmip7"
"N2O_concentration",1835,270.09,"ppbv N2O","cmip7"
"N2O_concentration",1836,270.16,"ppbv N2O","cmip7"
"N2O_concentration",1837,270.22,"ppbv N2O","cmip7"
"N2O_concentration",1838,270.29,"ppbv N2O","cmip7"
"N2O_concentration",1839,270.36,"ppbv N2O","cmip7"
"N2O_concentration",1840,270.37,"ppbv N2O","cmip7"
"N2O_concentration",1841,270.48,"ppbv N2O","cmip7"
"N2O_concentration",1842,270.6,"ppbv N2O","cmip7"
"N2O_concentration",1843,270.72,"ppbv N2O","cmip7"
"N2O_concentration",1844,270.84,"ppbv N2O","cmip7"
"N2O_concentration",1845,270.97,"ppbv N2O","cmip7"
"N2O_concentration",1846,271.09,"ppbv N2O","cmip7"
"N2O_concentration",1847,271.21,"ppbv N2O","cmip7"
"N2O_concentration",1848,271.33,"ppbv N2O","cmip7"
"N2O_concentration",1849,271.45,"ppbv N2O","cmip7"
"N2O_concentration",1850,271.57,"ppbv N2O","cmip7"
"N2O_concentration",1851,271.69,"ppbv N2O","cmip7"
"N2O_concentration",1852,271.82,"ppbv N2O","cmip7"
"N2O_concentration",1853,271.94,"ppbv N2O","cmip7"
"N2O_concentration",1854,272.06,"ppbv N2O","cmip7"
"N2O_concentration",1855,272.19,"ppbv N2O","cmip7"
"N2O_concentration",1856,272.31,"ppbv N2O","cmip7"
"N2O_concentration",1857,272.43,"ppbv N2O","cmip7"
"N2O_concentration",1858,272.56,"ppbv N2O","cmip7"
"N2O_concentration",1859,272.68,"ppbv N2O","cmip7"
"N2O_concentration",1860,272.8,"ppbv N2O","cmip7"
"N2O_concentration",1861,272.93,"ppbv N2O","cmip7"
"N2O_concentration",1862,273.04,"ppbv N2O","cmip7"
"N2O_concentration",1863,273.16,"ppbv N2O","cmip7"
"N2O_concentration",1864,273.27,"ppbv N2O","cmip7"
"N2O_concentration",1865,273.38,"ppbv N2O","cmip7"
"N2O_concentration",1866,273.49,"ppbv N2O","cmip7"
"N2O_concentration",1867,273.6,"ppbv N2O","cmip7"
"N2O_concentration",1868,273.7,"ppbv N2O","cmip7"
"N2O_concentration",1869,273.8,"ppbv N2O","cmip7"
"N2O_concentration",1870,273.89,"ppbv N2O","cmip7"
"N2O_concentration",1871,273.99,"ppbv N2O","cmip7"
"N2O_concentration",1872,274.08,"ppbv N2O","cmip7"
"N2O_concentration",1873,274.18,"ppbv N2O","cmip7"
"N2O_concentration",1874,274.27,"ppbv N2O","cmip7"
"N2O_concentration",1875,274.37,"ppbv N2O","cmip7"
"N2O_concentration",1876,274.47,"ppbv N2O","cmip7"
"N2O_concentration",1877,274.57,"ppbv N2O","cmip7"
"N2O_concentration",1878,274.67,"ppbv N2O","cmip7"
"N2O_concentration",1879,274.78,"ppbv N2O","cmip7"
"N2O_concentration",1880,274.89,"ppbv N2O","cmip7"
"N2O_concentration",1881,275,"ppbv N2O","cmip7"
"N2O_concentration",1882,275.13,"ppbv N2O","cmip7"
"N2O_concentration",1883,275.25,"ppbv N2O","cmip7"
"N2O_concentration",1884,275.39,"ppbv N2O","cmip7"
"N2O_concentration",1885,275.52,"ppbv N2O","cmip7"
"N2O_concentration",1886,275.66,"ppbv N2O","cmip7"
"N2O_concentration",1887,275.81,"ppbv N2O","cmip7"
"N2O_concentration",1888,275.95,"ppbv N2O","cmip7"
"N2O_concentration",1889,276.11,"ppbv N2O","cmip7"
"N2O_concentration",1890,276.2775,"ppbv N2O","cmip7"
"N2O_concentration",1891,276.455,"ppbv N2O","cmip7"
"N2O_concentration",1892,276.6425,"ppbv N2O","cmip7"
"N2O_concentration",1893,276.83,"ppbv N2O","cmip7"
"N2O_concentration",1894,277.0175,"ppbv N2O","cmip7"
"N2O_concentration",1895,277.21497,"ppbv N2O","cmip7"
"N2O_concentration",1896,277.42245,"ppbv N2O","cmip7"
"N2O_concentration",1897,277.62994,"ppbv N2O","cmip7"
"N2O_concentration",1898,277.85745,"ppbv N2O","cmip7"
"N2O_concentration",1899,278.08496,"ppbv N2O","cmip7"
"N2O_concentration",1900,278.32245,"ppbv N2O","cmip7"
"N2O_concentration",1901,278.56995,"ppbv N2O","cmip7"
"N2O_concentration",1902,278.81744,"ppbv N2O","cmip7"
"N2O_concentration",1903,279.07492,"ppbv N2O","cmip7"
"N2O_concentration",1904,279.3424,"ppbv N2O","cmip7"
"N2O_concentration",1905,279.60992,"ppbv N2O","cmip7"
"N2O_concentration",1906,279.88742,"ppbv N2O","cmip7"
"N2O_concentration",1907,280.16492,"ppbv N2O","cmip7"
"N2O_concentration",1908,280.4524,"ppbv N2O","cmip7"
"N2O_concentration",1909,280.7399,"ppbv N2O","cmip7"
"N2O_concentration",1910,281.02737,"ppbv N2O","cmip7"
"N2O_concentration",1911,281.3249,"ppbv N2O","cmip7"
"N2O_concentration",1912,281.62238,"ppbv N2O","cmip7"
"N2O_concentration",1913,281.91986,"ppbv N2O","cmip7"
"N2O_concentration",1914,282.21738,"ppbv N2O","cmip7"
"N2O_concentration",1915,282.51486,"ppbv N2O","cmip7"
"N2O_concentration",1916,282.80237,"ppbv N2O","cmip7"
"N2O_concentration",1917,283.09985,"ppbv N2O","cmip7"
"N2O_concentration",1918,283.38736,"ppbv N2O","cmip7"
"N2O_concentration",1919,283.67484,"ppbv N2O","cmip7"
"N2O_concentration",1920,283.95233,"ppbv N2O","cmip7"
"N2O_concentration",1921,284.22983,"ppbv N2O","cmip7"
"N2O_concentration",1922,284.4973,"ppbv N2O","cmip7"
"N2O_concentration",1923,284.76483,"ppbv N2O","cmip7"
"N2O_concentration",1924,285.0223,"ppbv N2O","cmip7"
"N2O_concentration",1925,285.27982,"ppbv N2O","cmip7"
"N2O_concentration",1926,285.5273,"ppbv N2O","cmip7"
"N2O_concentration",1927,285.7748,"ppbv N2O","cmip7"
"N2O_concentration",1928,286.02228,"ppbv N2O","cmip7"
"N2O_concentration",1929,286.2598,"ppbv N2O","cmip7"
"N2O_concentration",1930,286.48727,"ppbv N2O","cmip7"
"N2O_concentration",1931,286.72476,"ppbv N2O","cmip7"
"N2O_concentration",1932,286.95227,"ppbv N2O","cmip7"
"N2O_concentration",1933,287.16977,"ppbv N2O","cmip7"
"N2O_concentration",1934,287.38727,"ppbv N2O","cmip7"
"N2O_concentration",1935,287.60477,"ppbv N2O","cmip7"
"N2O_concentration",1936,287.82227,"ppbv N2O","cmip7"
"N2O_concentration",1937,288.02975,"ppbv N2O","cmip7"
"N2O_concentration",1938,288.23724,"ppbv N2O","cmip7"
"N2O_concentration",1939,288.43472,"ppbv N2O","cmip7"
"N2O_concentration",1940,288.63223,"ppbv N2O","cmip7"
"N2O_concentration",1941,288.8297,"ppbv N2O","cmip7"
"N2O_concentration",1942,289.02722,"ppbv N2O","cmip7"
"N2O_concentration",1943,289.21472,"ppbv N2O","cmip7"
"N2O_concentration",1944,289.40222,"ppbv N2O","cmip7"
"N2O_concentration",1945,289.5897,"ppbv N2O","cmip7"
"N2O_concentration",1946,289.7772,"ppbv N2O","cmip7"
"N2O_concentration",1947,289.9747,"ppbv N2O","cmip7"
"N2O_concentration",1948,290.1622,"ppbv N2O","cmip7"
"N2O_concentration",1949,290.35968,"ppbv N2O","cmip7"
"N2O_concentration",1950,290.56717,"ppbv N2O","cmip7"
"N2O_concentration",1951,290.76468,"ppbv N2O","cmip7"
"N2O_concentration",1952,290.98218,"ppbv N2O","cmip7"
"N2O_concentration",1953,291.19965,"ppbv N2O","cmip7"
"N2O_concentration",1954,291.42715,"ppbv N2O","cmip7"
"N2O_concentration",1955,291.65466,"ppbv N2O","cmip7"
"N2O_concentration",1956,291.89215,"ppbv N2O","cmip7"
"N2O_concentration",1957,292.12964,"ppbv N2O","cmip7"
"N2O_concentration",1958,292.38715,"ppbv N2O","cmip7"
"N2O_concentration",1959,292.64462,"ppbv N2O","cmip7"
"N2O_concentration",1960,292.9121,"ppbv N2O","cmip7"
"N2O_concentration",1961,293.1896,"ppbv N2O","cmip7"
"N2O_concentration",1962,293.48712,"ppbv N2O","cmip7"
"N2O_concentration",1963,293.79462,"ppbv N2O","cmip7"
"N2O_concentration",1964,294.1221,"ppbv N2O","cmip7"
"N2O_concentration",1965,294.4596,"ppbv N2O","cmip7"
"N2O_concentration",1966,294.8071,"ppbv N2O","cmip7"
"N2O_concentration",1967,295.1846,"ppbv N2O","cmip7"
"N2O_concentration",1968,295.57208,"ppbv N2O","cmip7"
"N2O_concentration",1969,295.98956,"ppbv N2O","cmip7"
"N2O_concentration",1970,296.41708,"ppbv N2O","cmip7"
"N2O_concentration",1971,296.87457,"ppbv N2O","cmip7"
"N2O_concentration",1972,297.34207,"ppbv N2O","cmip7"
"N2O_concentration",1973,297.83957,"ppbv N2O","cmip7"
"N2O_concentration",1974,298.34705,"ppbv N2O","cmip7"
"N2O_concentration",1975,298.88455,"ppbv N2O","cmip7"
"N2O_concentration",1976,299.43204,"ppbv N2O","cmip7"
"N2O_concentration",1977,299.98953,"ppbv N2O","cmip7"
"N2O_concentration",1978,300.56702,"ppbv N2O","cmip7"
"N2O_concentration",1979,301.16452,"ppbv N2O","cmip7"
"N2O_concentration",1980,301.772,"ppbv N2O","cmip7"
"N2O_concentration",1981,302.38953,"ppbv N2O","cmip7"
"N2O_concentration",1982,303.017,"ppbv N2O","cmip7"
"N2O_concentration",1983,303.6645,"ppbv N2O","cmip7"
"N2O_concentration",1984,304.31198,"ppbv N2O","cmip7"
"N2O_concentration",1985,304.9895,"ppbv N2O","cmip7"
"N2O_concentration",1986,305.667,"ppbv N2O","cmip7"
"N2O_concentration",1987,306.36447,"ppbv N2O","cmip7"
"N2O_concentration",1988,307.07196,"ppbv N2O","cmip7"
"N2O_concentration",1989,307.78946,"ppbv N2O","cmip7"
"N2O_concentration",1990,308.85883,"ppbv N2O","cmip7"
"N2O_concentration",1991,309.57324,"ppbv N2O","cmip7"
"N2O_concentration",1992,310.10666,"ppbv N2O","cmip7"
"N2O_concentration",1993,310.52222,"ppbv N2O","cmip7"
"N2O_concentration",1994,311.06284,"ppbv N2O","cmip7"
"N2O_concentration",1995,311.50156,"ppbv N2O","cmip7"
"N2O_concentration",1996,312.22943,"ppbv N2O","cmip7"
"N2O_concentration",1997,312.99384,"ppbv N2O","cmip7"
"N2O_concentration",1998,313.6924,"ppbv N2O","cmip7"
"N2O_concentration",1999,314.6413,"ppbv N2O","cmip7"
"N2O_concentration",2000,315.70068,"ppbv N2O","cmip7"
"N2O_concentration",2001,316.4348,"ppbv N2O","cmip7"
"N2O_concentration",2002,317.0646,"ppbv N2O","cmip7"
"N2O_concentration",2003,317.72534,"ppbv N2O","cmip7"
"N2O_concentration",2004,318.3673,"ppbv N2O","cmip7"
"N2O_concentration",2005,319.07037,"ppbv N2O","cmip7"
"N2O_concentration",2006,319.9035,"ppbv N2O","cmip7"
"N2O_concentration",2007,320.6853,"ppbv N2O","cmip7"
"N2O_concentration",2008,321.6385,"ppbv N2O","cmip7"
"N2O_concentration",2009,322.34692,"ppbv N2O","cmip7"
"N2O_concentration",2010,323.21054,"ppbv N2O","cmip7"
"N2O_concentration",2011,324.19006,"ppbv N2O","cmip7"
"N2O_concentration",2012,325.0818,"ppbv N2O","cmip7"
"N2O_concentration",2013,326.0443,"ppbv N2O","cmip7"
"N2O_concentration",2014,327.1559,"ppbv N2O","cmip7"
"N2O_concentration",2015,328.20212,"ppbv N2O","cmip7"
"N2O_concentration",2016,328.97482,"ppbv N2O","cmip7"
"N2O_concentration",2017,329.8621,"ppbv N2O","cmip7"
"N2O_concentration",2018,330.9976,"ppbv N2O","cmip7"
"N2O_concentration",2019,331.91388,"ppbv N2O","cmip7"
"N2O_concentration",2020,333.08655,"ppbv N2O","cmip7"
"N2O_concentration",2021,334.36472,"ppbv N2O","cmip7"
"N2O_concentration",2022,335.69165,"ppbv N2O","cmip7"
